t_utc,ticker,yes_bid_c,yes_ask_c,no_bid_c,no_ask_c,open_side,open_vwap_c,open_qty,pairs_count,locked_pnl_c,realized_pnl_c,mtm_pnl_c,total_pnl_c,stopped_out_yes,stopped_out_no,secs_to_close
2026-02-04T05:22:48.242159+00:00,KXNCAAMBGAME-26FEB03UNLVFRES-UNLV,61,62,38,39,,,0,0,0,0,0,0,0,0,1204631
2026-02-04T05:22:53.225345+00:00,KXNCAAMBGAME-26FEB03UNLVFRES-UNLV,61,63,37,39,no,39.0,2,0,0,0,-4,-4,0,0,1204627
2026-02-04T05:22:57.471977+00:00,KXNCAAMBGAME-26FEB03UNLVFRES-UNLV,63,64,36,37,no,39.0,2,0,0,0,-6,-6,0,0,1204622
2026-02-04T05:23:01.726802+00:00,KXNCAAMBGAME-26FEB03UNLVFRES-UNLV,64,65,35,36,no,39.0,2,0,0,0,-8,-8,0,0,1204618
2026-02-04T05:23:05.946846+00:00,KXNCAAMBGAME-26FEB03UNLVFRES-UNLV,64,65,35,36,no,39.0,2,0,0,0,-8,-8,0,0,1204614
2026-02-04T05:23:10.163564+00:00,KXNCAAMBGAME-26FEB03UNLVFRES-UNLV,64,65,35,36,no,39.0,2,0,0,0,-8,-8,0,0,1204610
2026-02-04T05:23:14.370142+00:00,KXNCAAMBGAME-26FEB03UNLVFRES-UNLV,64,65,35,36,no,39.0,2,0,0,0,-8,-8,0,0,1204605
2026-02-04T05:23:18.668850+00:00,KXNCAAMBGAME-26FEB03UNLVFRES-UNLV,65,66,34,35,no,39.0,2,0,0,0,-10,-10,0,0,1204601
2026-02-04T05:23:22.865315+00:00,KXNCAAMBGAME-26FEB03UNLVFRES-UNLV,65,67,33,35,no,39.0,2,0,0,0,-12,-12,0,0,1204597
2026-02-04T05:23:27.110034+00:00,KXNCAAMBGAME-26FEB03UNLVFRES-UNLV,65,66,34,35,no,39.0,2,0,0,0,-10,-10,0,0,1204593
2026-02-04T05:23:31.364821+00:00,KXNCAAMBGAME-26FEB03UNLVFRES-UNLV,65,66,34,35,no,39.0,2,0,0,0,-10,-10,0,0,1204588
2026-02-04T05:23:35.621835+00:00,KXNCAAMBGAME-26FEB03UNLVFRES-UNLV,65,66,34,35,no,39.0,2,0,0,0,-10,-10,0,0,1204584
2026-02-04T05:23:39.876332+00:00,KXNCAAMBGAME-26FEB03UNLVFRES-UNLV,67,68,32,33,no,39.0,2,0,0,0,-14,-14,0,0,1204580
2026-02-04T05:23:44.058101+00:00,KXNCAAMBGAME-26FEB03UNLVFRES-UNLV,61,67,33,39,no,39.0,2,0,0,0,-12,-12,0,0,1204576
2026-02-04T05:23:48.311905+00:00,KXNCAAMBGAME-26FEB03UNLVFRES-UNLV,66,67,33,34,no,39.0,2,0,0,0,-12,-12,0,0,1204571
2026-02-04T05:23:52.585706+00:00,KXNCAAMBGAME-26FEB03UNLVFRES-UNLV,64,66,34,36,no,39.0,2,0,0,0,-10,-10,0,0,1204567
2026-02-04T05:23:56.776900+00:00,KXNCAAMBGAME-26FEB03UNLVFRES-UNLV,65,67,33,35,no,39.0,2,0,0,0,-12,-12,0,0,1204563
2026-02-04T05:24:00.956485+00:00,KXNCAAMBGAME-26FEB03UNLVFRES-UNLV,64,66,34,36,no,39.0,2,0,0,0,-10,-10,0,0,1204559
2026-02-04T05:24:05.145679+00:00,KXNCAAMBGAME-26FEB03UNLVFRES-UNLV,65,66,34,35,no,39.0,2,0,0,0,-10,-10,0,0,1204555
2026-02-04T05:24:09.371496+00:00,KXNCAAMBGAME-26FEB03UNLVFRES-UNLV,64,66,34,36,no,39.0,2,0,0,0,-10,-10,0,0,1204550
2026-02-04T05:24:13.550449+00:00,KXNCAAMBGAME-26FEB03UNLVFRES-UNLV,64,66,34,36,no,39.0,2,0,0,0,-10,-10,0,0,1204546
2026-02-04T05:24:17.773391+00:00,KXNCAAMBGAME-26FEB03UNLVFRES-UNLV,64,66,34,36,no,39.0,2,0,0,0,-10,-10,0,0,1204542
2026-02-04T05:24:21.972639+00:00,KXNCAAMBGAME-26FEB03UNLVFRES-UNLV,64,66,34,36,no,39.0,2,0,0,0,-10,-10,0,0,1204538
2026-02-04T05:24:26.165754+00:00,KXNCAAMBGAME-26FEB03UNLVFRES-UNLV,65,66,34,35,no,39.0,2,0,0,0,-10,-10,0,0,1204534
2026-02-04T05:24:30.363576+00:00,KXNCAAMBGAME-26FEB03UNLVFRES-UNLV,65,67,33,35,no,39.0,2,0,0,0,-12,-12,0,0,1204529
2026-02-04T05:24:34.550833+00:00,KXNCAAMBGAME-26FEB03UNLVFRES-UNLV,65,66,34,35,no,39.0,2,0,0,0,-10,-10,0,0,1204525
2026-02-04T05:24:38.766390+00:00,KXNCAAMBGAME-26FEB03UNLVFRES-UNLV,65,67,33,35,no,39.0,2,0,0,0,-12,-12,0,0,1204521
2026-02-04T05:24:42.986050+00:00,KXNCAAMBGAME-26FEB03UNLVFRES-UNLV,65,67,33,35,no,39.0,2,0,0,0,-12,-12,0,0,1204517
2026-02-04T05:24:47.188416+00:00,KXNCAAMBGAME-26FEB03UNLVFRES-UNLV,65,67,33,35,no,39.0,2,0,0,0,-12,-12,0,0,1204513
2026-02-04T05:24:51.430008+00:00,KXNCAAMBGAME-26FEB03UNLVFRES-UNLV,65,67,33,35,no,39.0,2,0,0,0,-12,-12,0,0,1204508
2026-02-04T05:24:55.673533+00:00,KXNCAAMBGAME-26FEB03UNLVFRES-UNLV,66,67,33,34,no,39.0,2,0,0,0,-12,-12,0,0,1204504
2026-02-04T05:24:59.845189+00:00,KXNCAAMBGAME-26FEB03UNLVFRES-UNLV,65,67,33,35,no,39.0,2,0,0,0,-12,-12,0,0,1204500
2026-02-04T05:25:04.017495+00:00,KXNCAAMBGAME-26FEB03UNLVFRES-UNLV,67,68,32,33,no,39.0,2,0,0,0,-14,-14,0,0,1204496
2026-02-04T05:25:08.194731+00:00,KXNCAAMBGAME-26FEB03UNLVFRES-UNLV,67,68,32,33,no,39.0,2,0,0,0,-14,-14,0,0,1204491
2026-02-04T05:25:12.368430+00:00,KXNCAAMBGAME-26FEB03UNLVFRES-UNLV,66,68,32,34,no,39.0,2,0,0,0,-14,-14,0,0,1204487
2026-02-04T05:25:16.734887+00:00,KXNCAAMBGAME-26FEB03UNLVFRES-UNLV,67,68,32,33,no,39.0,2,0,0,0,-14,-14,0,0,1204483
2026-02-04T05:25:20.944082+00:00,KXNCAAMBGAME-26FEB03UNLVFRES-UNLV,67,68,32,33,no,39.0,2,0,0,0,-14,-14,0,0,1204479
2026-02-04T05:25:25.113276+00:00,KXNCAAMBGAME-26FEB03UNLVFRES-UNLV,67,68,32,33,no,39.0,2,0,0,0,-14,-14,0,0,1204475
2026-02-04T05:25:29.284780+00:00,KXNCAAMBGAME-26FEB03UNLVFRES-UNLV,66,68,32,34,no,39.0,2,0,0,0,-14,-14,0,0,1204470
2026-02-04T05:25:33.458613+00:00,KXNCAAMBGAME-26FEB03UNLVFRES-UNLV,66,68,32,34,no,39.0,2,0,0,0,-14,-14,0,0,1204466
2026-02-04T05:25:37.681232+00:00,KXNCAAMBGAME-26FEB03UNLVFRES-UNLV,66,68,32,34,no,39.0,2,0,0,0,-14,-14,0,0,1204462
2026-02-04T05:25:41.880816+00:00,KXNCAAMBGAME-26FEB03UNLVFRES-UNLV,66,68,32,34,no,39.0,2,0,0,0,-14,-14,0,0,1204458
2026-02-04T05:25:46.050361+00:00,KXNCAAMBGAME-26FEB03UNLVFRES-UNLV,67,68,32,33,no,39.0,2,0,0,0,-14,-14,0,0,1204454
2026-02-04T05:25:50.242706+00:00,KXNCAAMBGAME-26FEB03UNLVFRES-UNLV,67,68,32,33,no,39.0,2,0,0,0,-14,-14,0,0,1204449
2026-02-04T05:25:54.503310+00:00,KXNCAAMBGAME-26FEB03UNLVFRES-UNLV,67,68,32,33,no,39.0,2,0,0,0,-14,-14,0,0,1204445
2026-02-04T05:25:58.674721+00:00,KXNCAAMBGAME-26FEB03UNLVFRES-UNLV,67,68,32,33,no,39.0,2,0,0,0,-14,-14,0,0,1204441
2026-02-04T05:26:02.849019+00:00,KXNCAAMBGAME-26FEB03UNLVFRES-UNLV,67,68,32,33,no,39.0,2,0,0,0,-14,-14,0,0,1204437
2026-02-04T05:26:07.020023+00:00,KXNCAAMBGAME-26FEB03UNLVFRES-UNLV,67,68,32,33,no,39.0,2,0,0,0,-14,-14,0,0,1204433
2026-02-04T05:26:11.238496+00:00,KXNCAAMBGAME-26FEB03UNLVFRES-UNLV,67,69,31,33,no,39.0,2,0,0,0,-16,-16,0,0,1204428
2026-02-04T05:26:15.422615+00:00,KXNCAAMBGAME-26FEB03UNLVFRES-UNLV,67,69,31,33,no,39.0,2,0,0,0,-16,-16,0,0,1204424
2026-02-04T05:26:19.614236+00:00,KXNCAAMBGAME-26FEB03UNLVFRES-UNLV,68,70,30,32,no,39.0,2,0,0,0,-18,-18,0,0,1204420
2026-02-04T05:26:23.805458+00:00,KXNCAAMBGAME-26FEB03UNLVFRES-UNLV,69,70,30,31,no,39.0,2,0,0,0,-18,-18,0,0,1204416
2026-02-04T05:26:28.047911+00:00,KXNCAAMBGAME-26FEB03UNLVFRES-UNLV,69,70,30,31,no,39.0,2,0,0,0,-18,-18,0,0,1204412
2026-02-04T05:26:32.223473+00:00,KXNCAAMBGAME-26FEB03UNLVFRES-UNLV,69,70,30,31,no,39.0,2,0,0,0,-18,-18,0,0,1204407
2026-02-04T05:26:36.486639+00:00,KXNCAAMBGAME-26FEB03UNLVFRES-UNLV,69,70,30,31,no,39.0,2,0,0,0,-18,-18,0,0,1204403
2026-02-04T05:26:40.823833+00:00,KXNCAAMBGAME-26FEB03UNLVFRES-UNLV,69,70,30,31,no,39.0,2,0,0,0,-18,-18,0,0,1204399
2026-02-04T05:26:45.002566+00:00,KXNCAAMBGAME-26FEB03UNLVFRES-UNLV,69,70,30,31,no,39.0,2,0,0,0,-18,-18,0,0,1204395
2026-02-04T05:26:49.196189+00:00,KXNCAAMBGAME-26FEB03UNLVFRES-UNLV,69,70,30,31,no,39.0,2,0,0,0,-18,-18,0,0,1204390
2026-02-04T05:26:53.377544+00:00,KXNCAAMBGAME-26FEB03UNLVFRES-UNLV,69,70,30,31,no,39.0,2,0,0,0,-18,-18,0,0,1204386
2026-02-04T05:26:57.599601+00:00,KXNCAAMBGAME-26FEB03UNLVFRES-UNLV,69,70,30,31,no,39.0,2,0,0,0,-18,-18,0,0,1204382
2026-02-04T05:27:01.843529+00:00,KXNCAAMBGAME-26FEB03UNLVFRES-UNLV,69,70,30,31,no,39.0,2,0,0,0,-18,-18,0,0,1204378
2026-02-04T05:27:06.097891+00:00,KXNCAAMBGAME-26FEB03UNLVFRES-UNLV,69,70,30,31,no,39.0,2,0,0,0,-18,-18,0,0,1204374
2026-02-04T05:27:10.318086+00:00,KXNCAAMBGAME-26FEB03UNLVFRES-UNLV,68,70,30,32,no,39.0,2,0,0,0,-18,-18,0,0,1204369
2026-02-04T05:27:14.503244+00:00,KXNCAAMBGAME-26FEB03UNLVFRES-UNLV,68,70,30,32,no,39.0,2,0,0,0,-18,-18,0,0,1204365
2026-02-04T05:27:18.707146+00:00,KXNCAAMBGAME-26FEB03UNLVFRES-UNLV,68,70,30,32,no,39.0,2,0,0,0,-18,-18,0,0,1204361
2026-02-04T05:27:22.924948+00:00,KXNCAAMBGAME-26FEB03UNLVFRES-UNLV,68,70,30,32,no,39.0,2,0,0,0,-18,-18,0,0,1204357
2026-02-04T05:27:27.143846+00:00,KXNCAAMBGAME-26FEB03UNLVFRES-UNLV,68,70,30,32,no,39.0,2,0,0,0,-18,-18,0,0,1204353
2026-02-04T05:27:31.744658+00:00,KXNCAAMBGAME-26FEB03UNLVFRES-UNLV,67,69,31,33,no,39.0,2,0,0,0,-16,-16,0,0,1204348
2026-02-04T05:27:36.057724+00:00,KXNCAAMBGAME-26FEB03UNLVFRES-UNLV,67,69,31,33,no,39.0,2,0,0,0,-16,-16,0,0,1204344
2026-02-04T05:27:40.238012+00:00,KXNCAAMBGAME-26FEB03UNLVFRES-UNLV,67,69,31,33,no,39.0,2,0,0,0,-16,-16,0,0,1204339
2026-02-04T05:27:44.426316+00:00,KXNCAAMBGAME-26FEB03UNLVFRES-UNLV,66,69,31,34,no,39.0,2,0,0,0,-16,-16,0,0,1204335
2026-02-04T05:27:48.626764+00:00,KXNCAAMBGAME-26FEB03UNLVFRES-UNLV,67,69,31,33,no,39.0,2,0,0,0,-16,-16,0,0,1204331
2026-02-04T05:27:52.862304+00:00,KXNCAAMBGAME-26FEB03UNLVFRES-UNLV,69,70,30,31,no,39.0,2,0,0,0,-18,-18,0,0,1204327
2026-02-04T05:27:57.094761+00:00,KXNCAAMBGAME-26FEB03UNLVFRES-UNLV,69,70,30,31,no,39.0,2,0,0,0,-18,-18,0,0,1204323
2026-02-04T05:28:01.293509+00:00,KXNCAAMBGAME-26FEB03UNLVFRES-UNLV,69,71,29,31,no,39.0,2,0,0,0,-20,-20,0,0,1204318
2026-02-04T05:28:05.477017+00:00,KXNCAAMBGAME-26FEB03UNLVFRES-UNLV,69,70,30,31,no,39.0,2,0,0,0,-18,-18,0,0,1204314
2026-02-04T05:28:09.650356+00:00,KXNCAAMBGAME-26FEB03UNLVFRES-UNLV,70,71,29,30,no,39.0,2,0,0,0,-20,-20,0,0,1204310
2026-02-04T05:28:13.881301+00:00,KXNCAAMBGAME-26FEB03UNLVFRES-UNLV,70,71,29,30,no,39.0,2,0,0,0,-20,-20,0,0,1204306
2026-02-04T05:28:18.098933+00:00,KXNCAAMBGAME-26FEB03UNLVFRES-UNLV,70,71,29,30,no,39.0,2,0,0,0,-20,-20,0,0,1204302
2026-02-04T05:28:22.268343+00:00,KXNCAAMBGAME-26FEB03UNLVFRES-UNLV,70,71,29,30,no,39.0,2,0,0,0,-20,-20,0,0,1204297
2026-02-04T05:28:26.461369+00:00,KXNCAAMBGAME-26FEB03UNLVFRES-UNLV,71,73,27,29,no,39.0,2,0,0,0,-24,-24,0,0,1204293
2026-02-04T05:28:30.635626+00:00,KXNCAAMBGAME-26FEB03UNLVFRES-UNLV,72,74,26,28,no,39.0,2,0,0,0,-26,-26,0,0,1204289
2026-02-04T05:28:34.814812+00:00,KXNCAAMBGAME-26FEB03UNLVFRES-UNLV,73,74,26,27,no,39.0,2,0,0,0,-26,-26,0,0,1204285
2026-02-04T05:28:38.990392+00:00,KXNCAAMBGAME-26FEB03UNLVFRES-UNLV,73,74,26,27,no,39.0,2,0,0,0,-26,-26,0,0,1204281
2026-02-04T05:28:43.250358+00:00,KXNCAAMBGAME-26FEB03UNLVFRES-UNLV,71,74,26,29,no,39.0,2,0,0,0,-26,-26,0,0,1204277
2026-02-04T05:28:47.500752+00:00,KXNCAAMBGAME-26FEB03UNLVFRES-UNLV,72,74,26,28,no,39.0,2,0,0,0,-26,-26,0,0,1204272
2026-02-04T05:28:51.704182+00:00,KXNCAAMBGAME-26FEB03UNLVFRES-UNLV,72,74,26,28,no,39.0,2,0,0,0,-26,-26,0,0,1204268
2026-02-04T05:28:55.921833+00:00,KXNCAAMBGAME-26FEB03UNLVFRES-UNLV,72,74,26,28,no,39.0,2,0,0,0,-26,-26,0,0,1204264
2026-02-04T05:29:01.370691+00:00,KXNCAAMBGAME-26FEB03UNLVFRES-UNLV,72,74,26,28,no,39.0,2,0,0,0,-26,-26,0,0,1204260
2026-02-04T05:29:05.583122+00:00,KXNCAAMBGAME-26FEB03UNLVFRES-UNLV,73,74,26,27,no,39.0,2,0,0,0,-26,-26,0,0,1204254
2026-02-04T05:29:09.769233+00:00,KXNCAAMBGAME-26FEB03UNLVFRES-UNLV,74,75,25,26,no,39.0,2,0,0,0,-28,-28,0,0,1204250
2026-02-04T05:29:13.942696+00:00,KXNCAAMBGAME-26FEB03UNLVFRES-UNLV,74,75,25,26,no,39.0,2,0,0,0,-28,-28,0,0,1204246
2026-02-04T05:29:18.356361+00:00,KXNCAAMBGAME-26FEB03UNLVFRES-UNLV,70,73,27,30,no,39.0,2,0,0,0,-24,-24,0,0,1204242
2026-02-04T05:29:22.539382+00:00,KXNCAAMBGAME-26FEB03UNLVFRES-UNLV,71,72,28,29,no,39.0,2,0,0,0,-22,-22,0,0,1204237
2026-02-04T05:29:27.139440+00:00,KXNCAAMBGAME-26FEB03UNLVFRES-UNLV,71,72,28,29,no,39.0,2,0,0,0,-22,-22,0,0,1204233
2026-02-04T05:29:31.769908+00:00,KXNCAAMBGAME-26FEB03UNLVFRES-UNLV,72,73,27,28,no,39.0,2,0,0,0,-24,-24,0,0,1204228
2026-02-04T05:29:36.031570+00:00,KXNCAAMBGAME-26FEB03UNLVFRES-UNLV,72,73,27,28,no,39.0,2,0,0,0,-24,-24,0,0,1204224
2026-02-04T05:29:40.274829+00:00,KXNCAAMBGAME-26FEB03UNLVFRES-UNLV,72,73,27,28,no,39.0,2,0,0,0,-24,-24,0,0,1204219
2026-02-04T05:29:44.822033+00:00,KXNCAAMBGAME-26FEB03UNLVFRES-UNLV,73,74,26,27,no,39.0,2,0,0,0,-26,-26,0,0,1204215
2026-02-04T05:29:48.988960+00:00,KXNCAAMBGAME-26FEB03UNLVFRES-UNLV,72,74,26,28,no,39.0,2,0,0,0,-26,-26,0,0,1204211
2026-02-04T05:29:53.269477+00:00,KXNCAAMBGAME-26FEB03UNLVFRES-UNLV,71,72,28,29,no,39.0,2,0,0,0,-22,-22,0,0,1204206
2026-02-04T05:29:57.460223+00:00,KXNCAAMBGAME-26FEB03UNLVFRES-UNLV,71,72,28,29,no,39.0,2,0,0,0,-22,-22,0,0,1204202
2026-02-04T05:30:01.655176+00:00,KXNCAAMBGAME-26FEB03UNLVFRES-UNLV,71,72,28,29,no,39.0,2,0,0,0,-22,-22,0,0,1204198
2026-02-04T05:30:06.088342+00:00,KXNCAAMBGAME-26FEB03UNLVFRES-UNLV,71,72,28,29,no,39.0,2,0,0,0,-22,-22,0,0,1204194
2026-02-04T05:30:10.309805+00:00,KXNCAAMBGAME-26FEB03UNLVFRES-UNLV,71,72,28,29,no,39.0,2,0,0,0,-22,-22,0,0,1204189
2026-02-04T05:30:14.524626+00:00,KXNCAAMBGAME-26FEB03UNLVFRES-UNLV,71,72,28,29,no,39.0,2,0,0,0,-22,-22,0,0,1204185
2026-02-04T05:30:18.757363+00:00,KXNCAAMBGAME-26FEB03UNLVFRES-UNLV,71,72,28,29,no,39.0,2,0,0,0,-22,-22,0,0,1204181
2026-02-04T05:30:23.010456+00:00,KXNCAAMBGAME-26FEB03UNLVFRES-UNLV,71,72,28,29,no,39.0,2,0,0,0,-22,-22,0,0,1204177
2026-02-04T05:30:27.169503+00:00,KXNCAAMBGAME-26FEB03UNLVFRES-UNLV,71,72,28,29,no,39.0,2,0,0,0,-22,-22,0,0,1204172
2026-02-04T05:30:31.376614+00:00,KXNCAAMBGAME-26FEB03UNLVFRES-UNLV,71,72,28,29,no,39.0,2,0,0,0,-22,-22,0,0,1204168
2026-02-04T05:30:35.651890+00:00,KXNCAAMBGAME-26FEB03UNLVFRES-UNLV,73,74,26,27,no,39.0,2,0,0,0,-26,-26,0,0,1204164
2026-02-04T05:30:39.826536+00:00,KXNCAAMBGAME-26FEB03UNLVFRES-UNLV,73,76,24,27,no,39.0,2,0,0,0,-30,-30,0,0,1204160
2026-02-04T05:30:44.044822+00:00,KXNCAAMBGAME-26FEB03UNLVFRES-UNLV,71,72,28,29,no,39.0,2,0,0,0,-22,-22,0,0,1204156
2026-02-04T05:30:48.213323+00:00,KXNCAAMBGAME-26FEB03UNLVFRES-UNLV,71,72,28,29,no,39.0,2,0,0,0,-22,-22,0,0,1204151
2026-02-04T05:30:52.424408+00:00,KXNCAAMBGAME-26FEB03UNLVFRES-UNLV,66,67,33,34,no,39.0,2,0,0,0,-12,-12,0,0,1204147
2026-02-04T05:30:56.609638+00:00,KXNCAAMBGAME-26FEB03UNLVFRES-UNLV,66,67,33,34,no,39.0,2,0,0,0,-12,-12,0,0,1204143
2026-02-04T05:31:00.763723+00:00,KXNCAAMBGAME-26FEB03UNLVFRES-UNLV,66,67,33,34,no,39.0,2,0,0,0,-12,-12,0,0,1204139
2026-02-04T05:31:04.976093+00:00,KXNCAAMBGAME-26FEB03UNLVFRES-UNLV,63,64,36,37,no,39.0,2,0,0,0,-6,-6,0,0,1204135
2026-02-04T05:31:09.166545+00:00,KXNCAAMBGAME-26FEB03UNLVFRES-UNLV,61,62,38,39,no,39.0,2,0,0,0,-2,-2,0,0,1204131
2026-02-04T05:31:13.366308+00:00,KXNCAAMBGAME-26FEB03UNLVFRES-UNLV,61,63,37,39,no,39.0,2,0,0,0,-4,-4,0,0,1204126
2026-02-04T05:31:17.761073+00:00,KXNCAAMBGAME-26FEB03UNLVFRES-UNLV,60,62,38,40,no,39.0,2,0,0,0,-2,-2,0,0,1204122
2026-02-04T05:31:21.970119+00:00,KXNCAAMBGAME-26FEB03UNLVFRES-UNLV,60,62,38,40,no,39.0,2,0,0,0,-2,-2,0,0,1204118
2026-02-04T05:31:26.181814+00:00,KXNCAAMBGAME-26FEB03UNLVFRES-UNLV,60,62,38,40,no,39.0,2,0,0,0,-2,-2,0,0,1204114
2026-02-04T05:31:30.395412+00:00,KXNCAAMBGAME-26FEB03UNLVFRES-UNLV,62,63,37,38,no,39.0,2,0,0,0,-4,-4,0,0,1204109
2026-02-04T05:31:34.877721+00:00,KXNCAAMBGAME-26FEB03UNLVFRES-UNLV,62,63,37,38,no,39.0,2,0,0,0,-4,-4,0,0,1204105
2026-02-04T05:31:39.081881+00:00,KXNCAAMBGAME-26FEB03UNLVFRES-UNLV,62,63,37,38,no,39.0,2,0,0,0,-4,-4,0,0,1204101
2026-02-04T05:31:43.268434+00:00,KXNCAAMBGAME-26FEB03UNLVFRES-UNLV,57,60,40,43,no,39.0,2,0,0,0,2,2,0,0,1204096
2026-02-04T05:31:47.516000+00:00,KXNCAAMBGAME-26FEB03UNLVFRES-UNLV,57,59,41,43,no,39.0,2,0,0,0,4,4,0,0,1204092
2026-02-04T05:31:51.738465+00:00,KXNCAAMBGAME-26FEB03UNLVFRES-UNLV,57,59,41,43,no,39.0,2,0,0,0,4,4,0,0,1204088
2026-02-04T05:31:55.937381+00:00,KXNCAAMBGAME-26FEB03UNLVFRES-UNLV,57,59,41,43,no,39.0,2,0,0,0,4,4,0,0,1204084
2026-02-04T05:32:00.517704+00:00,KXNCAAMBGAME-26FEB03UNLVFRES-UNLV,57,60,40,43,no,39.0,2,0,0,0,2,2,0,0,1204080
2026-02-04T05:32:04.682202+00:00,KXNCAAMBGAME-26FEB03UNLVFRES-UNLV,57,60,40,43,no,39.0,2,0,0,0,2,2,0,0,1204075
2026-02-04T05:32:08.885310+00:00,KXNCAAMBGAME-26FEB03UNLVFRES-UNLV,65,66,34,35,no,39.0,2,0,0,0,-10,-10,0,0,1204071
2026-02-04T05:32:13.237355+00:00,KXNCAAMBGAME-26FEB03UNLVFRES-UNLV,65,66,34,35,no,39.0,2,0,0,0,-10,-10,0,0,1204067
2026-02-04T05:32:17.417504+00:00,KXNCAAMBGAME-26FEB03UNLVFRES-UNLV,65,66,34,35,no,39.0,2,0,0,0,-10,-10,0,0,1204062
2026-02-04T05:32:21.602606+00:00,KXNCAAMBGAME-26FEB03UNLVFRES-UNLV,65,67,33,35,no,39.0,2,0,0,0,-12,-12,0,0,1204058
2026-02-04T05:32:25.781404+00:00,KXNCAAMBGAME-26FEB03UNLVFRES-UNLV,65,67,33,35,no,39.0,2,0,0,0,-12,-12,0,0,1204054
2026-02-04T05:32:29.986855+00:00,KXNCAAMBGAME-26FEB03UNLVFRES-UNLV,67,69,31,33,no,39.0,2,0,0,0,-16,-16,0,0,1204050
2026-02-04T05:32:34.200081+00:00,KXNCAAMBGAME-26FEB03UNLVFRES-UNLV,69,70,30,31,no,39.0,2,0,0,0,-18,-18,0,0,1204045
2026-02-04T05:32:38.415351+00:00,KXNCAAMBGAME-26FEB03UNLVFRES-UNLV,69,70,30,31,no,39.0,2,0,0,0,-18,-18,0,0,1204041
2026-02-04T05:32:42.717305+00:00,KXNCAAMBGAME-26FEB03UNLVFRES-UNLV,68,69,31,32,no,39.0,2,0,0,0,-16,-16,0,0,1204037
2026-02-04T05:32:47.274748+00:00,KXNCAAMBGAME-26FEB03UNLVFRES-UNLV,68,69,31,32,no,39.0,2,0,0,0,-16,-16,0,0,1204033
2026-02-04T05:32:51.848426+00:00,KXNCAAMBGAME-26FEB03UNLVFRES-UNLV,69,70,30,31,no,39.0,2,0,0,0,-18,-18,0,0,1204028
2026-02-04T05:32:56.029057+00:00,KXNCAAMBGAME-26FEB03UNLVFRES-UNLV,69,70,30,31,no,39.0,2,0,0,0,-18,-18,0,0,1204024
2026-02-04T05:33:00.224393+00:00,KXNCAAMBGAME-26FEB03UNLVFRES-UNLV,69,70,30,31,no,39.0,2,0,0,0,-18,-18,0,0,1204019
2026-02-04T05:33:04.458139+00:00,KXNCAAMBGAME-26FEB03UNLVFRES-UNLV,69,71,29,31,no,39.0,2,0,0,0,-20,-20,0,0,1204015
2026-02-04T05:33:08.646778+00:00,KXNCAAMBGAME-26FEB03UNLVFRES-UNLV,69,71,29,31,no,39.0,2,0,0,0,-20,-20,0,0,1204011
2026-02-04T05:33:12.848502+00:00,KXNCAAMBGAME-26FEB03UNLVFRES-UNLV,69,71,29,31,no,39.0,2,0,0,0,-20,-20,0,0,1204007
2026-02-04T05:33:17.033619+00:00,KXNCAAMBGAME-26FEB03UNLVFRES-UNLV,69,71,29,31,no,39.0,2,0,0,0,-20,-20,0,0,1204003
2026-02-04T05:33:21.224864+00:00,KXNCAAMBGAME-26FEB03UNLVFRES-UNLV,69,71,29,31,no,39.0,2,0,0,0,-20,-20,0,0,1203998
2026-02-04T05:33:25.427649+00:00,KXNCAAMBGAME-26FEB03UNLVFRES-UNLV,69,71,29,31,no,39.0,2,0,0,0,-20,-20,0,0,1203994
2026-02-04T05:33:29.618730+00:00,KXNCAAMBGAME-26FEB03UNLVFRES-UNLV,69,70,30,31,no,39.0,2,0,0,0,-18,-18,0,0,1203990
2026-02-04T05:33:33.796253+00:00,KXNCAAMBGAME-26FEB03UNLVFRES-UNLV,69,70,30,31,no,39.0,2,0,0,0,-18,-18,0,0,1203986
2026-02-04T05:33:37.974344+00:00,KXNCAAMBGAME-26FEB03UNLVFRES-UNLV,69,70,30,31,no,39.0,2,0,0,0,-18,-18,0,0,1203982
2026-02-04T05:33:42.227085+00:00,KXNCAAMBGAME-26FEB03UNLVFRES-UNLV,69,70,30,31,no,39.0,2,0,0,0,-18,-18,0,0,1203978
2026-02-04T05:33:46.411627+00:00,KXNCAAMBGAME-26FEB03UNLVFRES-UNLV,69,70,30,31,no,39.0,2,0,0,0,-18,-18,0,0,1203973
2026-02-04T05:33:50.622287+00:00,KXNCAAMBGAME-26FEB03UNLVFRES-UNLV,69,70,30,31,no,39.0,2,0,0,0,-18,-18,0,0,1203969
2026-02-04T05:33:54.863597+00:00,KXNCAAMBGAME-26FEB03UNLVFRES-UNLV,69,70,30,31,no,39.0,2,0,0,0,-18,-18,0,0,1203965
2026-02-04T05:33:59.034844+00:00,KXNCAAMBGAME-26FEB03UNLVFRES-UNLV,69,70,30,31,no,39.0,2,0,0,0,-18,-18,0,0,1203961
2026-02-04T05:34:03.225523+00:00,KXNCAAMBGAME-26FEB03UNLVFRES-UNLV,69,70,30,31,no,39.0,2,0,0,0,-18,-18,0,0,1203956
2026-02-04T05:34:07.467929+00:00,KXNCAAMBGAME-26FEB03UNLVFRES-UNLV,69,70,30,31,no,39.0,2,0,0,0,-18,-18,0,0,1203952
2026-02-04T05:34:11.672846+00:00,KXNCAAMBGAME-26FEB03UNLVFRES-UNLV,69,70,30,31,no,39.0,2,0,0,0,-18,-18,0,0,1203948
2026-02-04T05:34:15.861075+00:00,KXNCAAMBGAME-26FEB03UNLVFRES-UNLV,69,70,30,31,no,39.0,2,0,0,0,-18,-18,0,0,1203944
2026-02-04T05:34:20.048127+00:00,KXNCAAMBGAME-26FEB03UNLVFRES-UNLV,69,70,30,31,no,39.0,2,0,0,0,-18,-18,0,0,1203940
2026-02-04T05:34:24.308590+00:00,KXNCAAMBGAME-26FEB03UNLVFRES-UNLV,69,70,30,31,no,39.0,2,0,0,0,-18,-18,0,0,1203935
2026-02-04T05:34:28.484795+00:00,KXNCAAMBGAME-26FEB03UNLVFRES-UNLV,69,70,30,31,no,39.0,2,0,0,0,-18,-18,0,0,1203931
2026-02-04T05:34:32.682193+00:00,KXNCAAMBGAME-26FEB03UNLVFRES-UNLV,69,70,30,31,no,39.0,2,0,0,0,-18,-18,0,0,1203927
2026-02-04T05:34:36.866907+00:00,KXNCAAMBGAME-26FEB03UNLVFRES-UNLV,69,70,30,31,no,39.0,2,0,0,0,-18,-18,0,0,1203923
2026-02-04T05:34:41.073777+00:00,KXNCAAMBGAME-26FEB03UNLVFRES-UNLV,69,70,30,31,no,39.0,2,0,0,0,-18,-18,0,0,1203919
2026-02-04T05:34:45.270370+00:00,KXNCAAMBGAME-26FEB03UNLVFRES-UNLV,69,70,30,31,no,39.0,2,0,0,0,-18,-18,0,0,1203914
2026-02-04T05:34:49.488980+00:00,KXNCAAMBGAME-26FEB03UNLVFRES-UNLV,69,70,30,31,no,39.0,2,0,0,0,-18,-18,0,0,1203910
2026-02-04T05:34:53.755386+00:00,KXNCAAMBGAME-26FEB03UNLVFRES-UNLV,69,70,30,31,no,39.0,2,0,0,0,-18,-18,0,0,1203906
2026-02-04T05:34:58.159706+00:00,KXNCAAMBGAME-26FEB03UNLVFRES-UNLV,69,70,30,31,no,39.0,2,0,0,0,-18,-18,0,0,1203902
2026-02-04T05:35:02.368804+00:00,KXNCAAMBGAME-26FEB03UNLVFRES-UNLV,69,70,30,31,no,39.0,2,0,0,0,-18,-18,0,0,1203897
2026-02-04T05:35:07.883089+00:00,KXNCAAMBGAME-26FEB03UNLVFRES-UNLV,69,70,30,31,no,39.0,2,0,0,0,-18,-18,0,0,1203893
2026-02-04T05:35:12.170767+00:00,KXNCAAMBGAME-26FEB03UNLVFRES-UNLV,69,70,30,31,no,39.0,2,0,0,0,-18,-18,0,0,1203888
2026-02-04T05:35:16.356487+00:00,KXNCAAMBGAME-26FEB03UNLVFRES-UNLV,69,70,30,31,no,39.0,2,0,0,0,-18,-18,0,0,1203883
2026-02-04T05:35:20.518520+00:00,KXNCAAMBGAME-26FEB03UNLVFRES-UNLV,69,70,30,31,no,39.0,2,0,0,0,-18,-18,0,0,1203879
2026-02-04T05:35:25.033069+00:00,KXNCAAMBGAME-26FEB03UNLVFRES-UNLV,69,70,30,31,no,39.0,2,0,0,0,-18,-18,0,0,1203875
2026-02-04T05:35:29.238995+00:00,KXNCAAMBGAME-26FEB03UNLVFRES-UNLV,69,70,30,31,no,39.0,2,0,0,0,-18,-18,0,0,1203870
2026-02-04T05:35:33.447834+00:00,KXNCAAMBGAME-26FEB03UNLVFRES-UNLV,69,70,30,31,no,39.0,2,0,0,0,-18,-18,0,0,1203866
2026-02-04T05:35:37.610962+00:00,KXNCAAMBGAME-26FEB03UNLVFRES-UNLV,69,70,30,31,no,39.0,2,0,0,0,-18,-18,0,0,1203862
2026-02-04T05:35:41.835414+00:00,KXNCAAMBGAME-26FEB03UNLVFRES-UNLV,69,70,30,31,no,39.0,2,0,0,0,-18,-18,0,0,1203858
2026-02-04T05:35:46.045232+00:00,KXNCAAMBGAME-26FEB03UNLVFRES-UNLV,69,70,30,31,no,39.0,2,0,0,0,-18,-18,0,0,1203854
2026-02-04T05:35:50.502576+00:00,KXNCAAMBGAME-26FEB03UNLVFRES-UNLV,69,70,30,31,no,39.0,2,0,0,0,-18,-18,0,0,1203849
2026-02-04T05:35:54.691358+00:00,KXNCAAMBGAME-26FEB03UNLVFRES-UNLV,69,70,30,31,no,39.0,2,0,0,0,-18,-18,0,0,1203845
2026-02-04T05:35:58.940436+00:00,KXNCAAMBGAME-26FEB03UNLVFRES-UNLV,69,70,30,31,no,39.0,2,0,0,0,-18,-18,0,0,1203841
2026-02-04T05:36:03.477793+00:00,KXNCAAMBGAME-26FEB03UNLVFRES-UNLV,69,70,30,31,no,39.0,2,0,0,0,-18,-18,0,0,1203837
2026-02-04T05:36:07.652440+00:00,KXNCAAMBGAME-26FEB03UNLVFRES-UNLV,69,70,30,31,no,39.0,2,0,0,0,-18,-18,0,0,1203832
2026-02-04T05:36:11.818485+00:00,KXNCAAMBGAME-26FEB03UNLVFRES-UNLV,69,70,30,31,no,39.0,2,0,0,0,-18,-18,0,0,1203828
2026-02-04T05:36:16.004243+00:00,KXNCAAMBGAME-26FEB03UNLVFRES-UNLV,69,70,30,31,no,39.0,2,0,0,0,-18,-18,0,0,1203824
2026-02-04T05:36:20.171961+00:00,KXNCAAMBGAME-26FEB03UNLVFRES-UNLV,69,71,29,31,no,39.0,2,0,0,0,-20,-20,0,0,1203819
2026-02-04T05:36:24.413321+00:00,KXNCAAMBGAME-26FEB03UNLVFRES-UNLV,69,71,29,31,no,39.0,2,0,0,0,-20,-20,0,0,1203815
2026-02-04T05:36:28.607150+00:00,KXNCAAMBGAME-26FEB03UNLVFRES-UNLV,70,72,28,30,no,39.0,2,0,0,0,-22,-22,0,0,1203811
2026-02-04T05:36:32.773494+00:00,KXNCAAMBGAME-26FEB03UNLVFRES-UNLV,73,74,26,27,no,39.0,2,0,0,0,-26,-26,0,0,1203807
2026-02-04T05:36:36.974800+00:00,KXNCAAMBGAME-26FEB03UNLVFRES-UNLV,73,74,26,27,no,39.0,2,0,0,0,-26,-26,0,0,1203803
2026-02-04T05:36:41.163205+00:00,KXNCAAMBGAME-26FEB03UNLVFRES-UNLV,73,74,26,27,no,39.0,2,0,0,0,-26,-26,0,0,1203799
2026-02-04T05:36:45.359243+00:00,KXNCAAMBGAME-26FEB03UNLVFRES-UNLV,73,74,26,27,no,39.0,2,0,0,0,-26,-26,0,0,1203794
2026-02-04T05:36:49.621792+00:00,KXNCAAMBGAME-26FEB03UNLVFRES-UNLV,73,74,26,27,no,39.0,2,0,0,0,-26,-26,0,0,1203790
2026-02-04T05:36:53.804556+00:00,KXNCAAMBGAME-26FEB03UNLVFRES-UNLV,73,74,26,27,no,39.0,2,0,0,0,-26,-26,0,0,1203786
2026-02-04T05:36:58.013025+00:00,KXNCAAMBGAME-26FEB03UNLVFRES-UNLV,72,74,26,28,no,39.0,2,0,0,0,-26,-26,0,0,1203782
2026-02-04T05:37:02.256897+00:00,KXNCAAMBGAME-26FEB03UNLVFRES-UNLV,72,74,26,28,no,39.0,2,0,0,0,-26,-26,0,0,1203777
2026-02-04T05:37:06.458011+00:00,KXNCAAMBGAME-26FEB03UNLVFRES-UNLV,72,74,26,28,no,39.0,2,0,0,0,-26,-26,0,0,1203773
2026-02-04T05:37:10.707918+00:00,KXNCAAMBGAME-26FEB03UNLVFRES-UNLV,72,74,26,28,no,39.0,2,0,0,0,-26,-26,0,0,1203769
2026-02-04T05:37:14.895010+00:00,KXNCAAMBGAME-26FEB03UNLVFRES-UNLV,72,74,26,28,no,39.0,2,0,0,0,-26,-26,0,0,1203765
2026-02-04T05:37:19.082453+00:00,KXNCAAMBGAME-26FEB03UNLVFRES-UNLV,74,75,25,26,no,39.0,2,0,0,0,-28,-28,0,0,1203761
2026-02-04T05:37:23.265446+00:00,KXNCAAMBGAME-26FEB03UNLVFRES-UNLV,76,77,23,24,no,39.0,2,0,0,0,-32,-32,0,0,1203756
2026-02-04T05:37:27.445693+00:00,KXNCAAMBGAME-26FEB03UNLVFRES-UNLV,76,77,23,24,no,39.0,2,0,0,0,-32,-32,0,0,1203752
2026-02-04T05:37:31.662549+00:00,KXNCAAMBGAME-26FEB03UNLVFRES-UNLV,76,77,23,24,no,39.0,2,0,0,0,-32,-32,0,0,1203748
2026-02-04T05:37:35.847118+00:00,KXNCAAMBGAME-26FEB03UNLVFRES-UNLV,75,77,23,25,no,39.0,2,0,0,0,-32,-32,0,0,1203744
2026-02-04T05:37:40.279361+00:00,KXNCAAMBGAME-26FEB03UNLVFRES-UNLV,74,75,25,26,no,39.0,2,0,0,0,-28,-28,0,0,1203740
2026-02-04T05:37:44.488379+00:00,KXNCAAMBGAME-26FEB03UNLVFRES-UNLV,73,74,26,27,no,39.0,2,0,0,0,-26,-26,0,0,1203735
2026-02-04T05:37:48.656238+00:00,KXNCAAMBGAME-26FEB03UNLVFRES-UNLV,73,74,26,27,no,39.0,2,0,0,0,-26,-26,0,0,1203731
2026-02-04T05:37:52.928610+00:00,KXNCAAMBGAME-26FEB03UNLVFRES-UNLV,74,75,25,26,no,39.0,2,0,0,0,-28,-28,0,0,1203727
2026-02-04T05:37:57.145430+00:00,KXNCAAMBGAME-26FEB03UNLVFRES-UNLV,76,78,22,24,no,39.0,2,0,0,0,-34,-34,0,0,1203723
2026-02-04T05:38:01.328882+00:00,KXNCAAMBGAME-26FEB03UNLVFRES-UNLV,77,78,22,23,no,39.0,2,0,0,0,-34,-34,0,0,1203718
2026-02-04T05:38:05.553964+00:00,KXNCAAMBGAME-26FEB03UNLVFRES-UNLV,77,78,22,23,no,39.0,2,0,0,0,-34,-34,0,0,1203714
2026-02-04T05:38:09.732084+00:00,KXNCAAMBGAME-26FEB03UNLVFRES-UNLV,77,79,21,23,no,39.0,2,0,0,0,-36,-36,0,0,1203710
2026-02-04T05:38:13.943983+00:00,KXNCAAMBGAME-26FEB03UNLVFRES-UNLV,77,79,21,23,no,39.0,2,0,0,0,-36,-36,0,0,1203706
2026-02-04T05:38:18.154401+00:00,KXNCAAMBGAME-26FEB03UNLVFRES-UNLV,77,79,21,23,no,39.0,2,0,0,0,-36,-36,0,0,1203702
2026-02-04T05:38:22.325757+00:00,KXNCAAMBGAME-26FEB03UNLVFRES-UNLV,80,82,18,20,no,39.0,2,0,0,0,-42,-42,0,0,1203697
2026-02-04T05:38:26.491201+00:00,KXNCAAMBGAME-26FEB03UNLVFRES-UNLV,80,82,18,20,no,39.0,2,0,0,0,-42,-42,0,0,1203693
2026-02-04T05:38:30.684532+00:00,KXNCAAMBGAME-26FEB03UNLVFRES-UNLV,81,82,18,19,no,39.0,2,0,0,0,-42,-42,0,0,1203689
2026-02-04T05:38:34.895119+00:00,KXNCAAMBGAME-26FEB03UNLVFRES-UNLV,80,81,19,20,no,39.0,2,0,0,0,-40,-40,0,0,1203685
2026-02-04T05:38:39.067388+00:00,KXNCAAMBGAME-26FEB03UNLVFRES-UNLV,80,82,18,20,no,39.0,2,0,0,0,-42,-42,0,0,1203681
2026-02-04T05:38:43.266322+00:00,KXNCAAMBGAME-26FEB03UNLVFRES-UNLV,80,81,19,20,no,39.0,2,0,0,0,-40,-40,0,0,1203676
2026-02-04T05:38:47.870169+00:00,KXNCAAMBGAME-26FEB03UNLVFRES-UNLV,80,81,19,20,no,39.0,2,0,0,0,-40,-40,0,0,1203672
2026-02-04T05:38:52.300675+00:00,KXNCAAMBGAME-26FEB03UNLVFRES-UNLV,80,81,19,20,no,39.0,2,0,0,0,-40,-40,0,0,1203668
2026-02-04T05:38:56.472729+00:00,KXNCAAMBGAME-26FEB03UNLVFRES-UNLV,80,81,19,20,no,39.0,2,0,0,0,-40,-40,0,0,1203663
2026-02-04T05:39:00.649933+00:00,KXNCAAMBGAME-26FEB03UNLVFRES-UNLV,80,81,19,20,no,39.0,2,0,0,0,-40,-40,0,0,1203659
2026-02-04T05:39:04.832499+00:00,KXNCAAMBGAME-26FEB03UNLVFRES-UNLV,80,81,19,20,no,39.0,2,0,0,0,-40,-40,0,0,1203655
2026-02-04T05:39:09.081592+00:00,KXNCAAMBGAME-26FEB03UNLVFRES-UNLV,80,81,19,20,no,39.0,2,0,0,0,-40,-40,0,0,1203651
2026-02-04T05:39:13.281884+00:00,KXNCAAMBGAME-26FEB03UNLVFRES-UNLV,80,81,19,20,no,39.0,2,0,0,0,-40,-40,0,0,1203646
2026-02-04T05:39:17.503267+00:00,KXNCAAMBGAME-26FEB03UNLVFRES-UNLV,81,82,18,19,no,39.0,2,0,0,0,-42,-42,0,0,1203642
2026-02-04T05:39:21.919292+00:00,KXNCAAMBGAME-26FEB03UNLVFRES-UNLV,81,82,18,19,no,39.0,2,0,0,0,-42,-42,0,0,1203638
2026-02-04T05:39:26.087314+00:00,KXNCAAMBGAME-26FEB03UNLVFRES-UNLV,81,83,17,19,no,39.0,2,0,0,0,-44,-44,0,0,1203634
2026-02-04T05:39:30.323822+00:00,KXNCAAMBGAME-26FEB03UNLVFRES-UNLV,81,83,17,19,no,39.0,2,0,0,0,-44,-44,0,0,1203629
2026-02-04T05:39:34.540863+00:00,KXNCAAMBGAME-26FEB03UNLVFRES-UNLV,81,83,17,19,no,39.0,2,0,0,0,-44,-44,0,0,1203625
2026-02-04T05:39:38.757393+00:00,KXNCAAMBGAME-26FEB03UNLVFRES-UNLV,81,83,17,19,no,39.0,2,0,0,0,-44,-44,0,0,1203621
2026-02-04T05:39:42.929236+00:00,KXNCAAMBGAME-26FEB03UNLVFRES-UNLV,81,83,17,19,no,39.0,2,0,0,0,-44,-44,0,0,1203617
2026-02-04T05:39:47.090075+00:00,KXNCAAMBGAME-26FEB03UNLVFRES-UNLV,81,82,18,19,no,39.0,2,0,0,0,-42,-42,0,0,1203613
2026-02-04T05:39:51.338480+00:00,KXNCAAMBGAME-26FEB03UNLVFRES-UNLV,81,82,18,19,no,39.0,2,0,0,0,-42,-42,0,0,1203608
2026-02-04T05:39:55.575463+00:00,KXNCAAMBGAME-26FEB03UNLVFRES-UNLV,78,79,21,22,no,39.0,2,0,0,0,-36,-36,0,0,1203604
2026-02-04T05:39:59.818251+00:00,KXNCAAMBGAME-26FEB03UNLVFRES-UNLV,78,80,20,22,no,39.0,2,0,0,0,-38,-38,0,0,1203600
2026-02-04T05:40:04.015544+00:00,KXNCAAMBGAME-26FEB03UNLVFRES-UNLV,78,80,20,22,no,39.0,2,0,0,0,-38,-38,0,0,1203596
2026-02-04T05:40:08.207923+00:00,KXNCAAMBGAME-26FEB03UNLVFRES-UNLV,78,80,20,22,no,39.0,2,0,0,0,-38,-38,0,0,1203591
2026-02-04T05:40:12.475586+00:00,KXNCAAMBGAME-26FEB03UNLVFRES-UNLV,78,80,20,22,no,39.0,2,0,0,0,-38,-38,0,0,1203587
2026-02-04T05:40:16.707199+00:00,KXNCAAMBGAME-26FEB03UNLVFRES-UNLV,79,80,20,21,no,39.0,2,0,0,0,-38,-38,0,0,1203583
2026-02-04T05:40:20.927099+00:00,KXNCAAMBGAME-26FEB03UNLVFRES-UNLV,79,81,19,21,no,39.0,2,0,0,0,-40,-40,0,0,1203579
2026-02-04T05:40:25.106151+00:00,KXNCAAMBGAME-26FEB03UNLVFRES-UNLV,78,80,20,22,no,39.0,2,0,0,0,-38,-38,0,0,1203575
2026-02-04T05:40:29.314947+00:00,KXNCAAMBGAME-26FEB03UNLVFRES-UNLV,78,80,20,22,no,39.0,2,0,0,0,-38,-38,0,0,1203570
2026-02-04T05:40:33.525987+00:00,KXNCAAMBGAME-26FEB03UNLVFRES-UNLV,78,80,20,22,no,39.0,2,0,0,0,-38,-38,0,0,1203566
2026-02-04T05:40:37.823432+00:00,KXNCAAMBGAME-26FEB03UNLVFRES-UNLV,78,80,20,22,no,39.0,2,0,0,0,-38,-38,0,0,1203562
2026-02-04T05:40:42.275085+00:00,KXNCAAMBGAME-26FEB03UNLVFRES-UNLV,79,80,20,21,no,39.0,2,0,0,0,-38,-38,0,0,1203558
2026-02-04T05:40:46.879859+00:00,KXNCAAMBGAME-26FEB03UNLVFRES-UNLV,83,85,15,17,no,39.0,2,0,0,0,-48,-48,0,0,1203553
2026-02-04T05:40:51.244286+00:00,KXNCAAMBGAME-26FEB03UNLVFRES-UNLV,83,85,15,17,no,39.0,2,0,0,0,-48,-48,0,0,1203549
2026-02-04T05:40:56.581067+00:00,KXNCAAMBGAME-26FEB03UNLVFRES-UNLV,84,85,15,16,no,39.0,2,0,0,0,-48,-48,0,0,1203544
2026-02-04T05:41:00.795668+00:00,KXNCAAMBGAME-26FEB03UNLVFRES-UNLV,84,85,15,16,no,39.0,2,0,0,0,-48,-48,0,0,1203539
2026-02-04T05:41:05.147047+00:00,KXNCAAMBGAME-26FEB03UNLVFRES-UNLV,84,85,15,16,no,39.0,2,0,0,0,-48,-48,0,0,1203535
2026-02-04T05:41:09.511374+00:00,KXNCAAMBGAME-26FEB03UNLVFRES-UNLV,83,85,15,17,no,39.0,2,0,0,0,-48,-48,0,0,1203530
2026-02-04T05:41:13.755177+00:00,KXNCAAMBGAME-26FEB03UNLVFRES-UNLV,84,85,15,16,no,39.0,2,0,0,0,-48,-48,0,0,1203526
2026-02-04T05:41:17.965831+00:00,KXNCAAMBGAME-26FEB03UNLVFRES-UNLV,84,85,15,16,no,39.0,2,0,0,0,-48,-48,0,0,1203522
2026-02-04T05:41:22.133051+00:00,KXNCAAMBGAME-26FEB03UNLVFRES-UNLV,84,85,15,16,no,39.0,2,0,0,0,-48,-48,0,0,1203518
2026-02-04T05:41:26.412363+00:00,KXNCAAMBGAME-26FEB03UNLVFRES-UNLV,84,85,15,16,no,39.0,2,0,0,0,-48,-48,0,0,1203513
2026-02-04T05:41:31.076363+00:00,KXNCAAMBGAME-26FEB03UNLVFRES-UNLV,83,85,15,17,no,39.0,2,0,0,0,-48,-48,0,0,1203509
2026-02-04T05:41:35.270278+00:00,KXNCAAMBGAME-26FEB03UNLVFRES-UNLV,84,85,15,16,no,39.0,2,0,0,0,-48,-48,0,0,1203504
2026-02-04T05:41:39.548893+00:00,KXNCAAMBGAME-26FEB03UNLVFRES-UNLV,84,86,14,16,no,39.0,2,0,0,0,-50,-50,0,0,1203500
2026-02-04T05:41:44.411344+00:00,KXNCAAMBGAME-26FEB03UNLVFRES-UNLV,84,86,14,16,,,0,0,0,-50,0,-50,0,1,1203495
2026-02-04T05:41:48.596743+00:00,KXNCAAMBGAME-26FEB03UNLVFRES-UNLV,84,86,14,16,,,0,0,0,-50,0,-50,0,1,1203491
2026-02-04T05:41:52.768725+00:00,KXNCAAMBGAME-26FEB03UNLVFRES-UNLV,85,86,14,15,,,0,0,0,-50,0,-50,0,1,1203487
2026-02-04T05:41:56.964688+00:00,KXNCAAMBGAME-26FEB03UNLVFRES-UNLV,84,86,14,16,,,0,0,0,-50,0,-50,0,1,1203483
2026-02-04T05:42:01.113336+00:00,KXNCAAMBGAME-26FEB03UNLVFRES-UNLV,84,86,14,16,,,0,0,0,-50,0,-50,0,1,1203479
2026-02-04T05:42:05.382955+00:00,KXNCAAMBGAME-26FEB03UNLVFRES-UNLV,84,85,15,16,,,0,0,0,-50,0,-50,0,1,1203474
2026-02-04T05:42:09.627967+00:00,KXNCAAMBGAME-26FEB03UNLVFRES-UNLV,84,85,15,16,,,0,0,0,-50,0,-50,0,1,1203470
2026-02-04T05:42:13.858582+00:00,KXNCAAMBGAME-26FEB03UNLVFRES-UNLV,84,85,15,16,,,0,0,0,-50,0,-50,0,1,1203466
2026-02-04T05:42:18.066291+00:00,KXNCAAMBGAME-26FEB03UNLVFRES-UNLV,84,86,14,16,,,0,0,0,-50,0,-50,0,1,1203462
2026-02-04T05:42:22.304304+00:00,KXNCAAMBGAME-26FEB03UNLVFRES-UNLV,84,86,14,16,,,0,0,0,-50,0,-50,0,1,1203457
2026-02-04T05:42:26.518747+00:00,KXNCAAMBGAME-26FEB03UNLVFRES-UNLV,83,84,16,17,,,0,0,0,-50,0,-50,0,1,1203453
2026-02-04T05:42:30.731236+00:00,KXNCAAMBGAME-26FEB03UNLVFRES-UNLV,83,84,16,17,,,0,0,0,-50,0,-50,0,1,1203449
2026-02-04T05:42:34.900121+00:00,KXNCAAMBGAME-26FEB03UNLVFRES-UNLV,83,84,16,17,,,0,0,0,-50,0,-50,0,1,1203445
2026-02-04T05:42:39.223035+00:00,KXNCAAMBGAME-26FEB03UNLVFRES-UNLV,83,84,16,17,,,0,0,0,-50,0,-50,0,1,1203441
2026-02-04T05:42:43.628337+00:00,KXNCAAMBGAME-26FEB03UNLVFRES-UNLV,83,84,16,17,,,0,0,0,-50,0,-50,0,1,1203436
2026-02-04T05:42:47.832462+00:00,KXNCAAMBGAME-26FEB03UNLVFRES-UNLV,83,84,16,17,,,0,0,0,-50,0,-50,0,1,1203432
2026-02-04T05:42:52.039340+00:00,KXNCAAMBGAME-26FEB03UNLVFRES-UNLV,84,85,15,16,,,0,0,0,-50,0,-50,0,1,1203428
2026-02-04T05:42:56.260267+00:00,KXNCAAMBGAME-26FEB03UNLVFRES-UNLV,84,86,14,16,,,0,0,0,-50,0,-50,0,1,1203423
2026-02-04T05:43:00.459270+00:00,KXNCAAMBGAME-26FEB03UNLVFRES-UNLV,84,85,15,16,,,0,0,0,-50,0,-50,0,1,1203419
2026-02-04T05:43:04.657997+00:00,KXNCAAMBGAME-26FEB03UNLVFRES-UNLV,84,85,15,16,,,0,0,0,-50,0,-50,0,1,1203415
2026-02-04T05:43:08.937015+00:00,KXNCAAMBGAME-26FEB03UNLVFRES-UNLV,84,86,14,16,,,0,0,0,-50,0,-50,0,1,1203411
2026-02-04T05:43:13.126758+00:00,KXNCAAMBGAME-26FEB03UNLVFRES-UNLV,84,86,14,16,,,0,0,0,-50,0,-50,0,1,1203407
2026-02-04T05:43:17.311504+00:00,KXNCAAMBGAME-26FEB03UNLVFRES-UNLV,84,86,14,16,,,0,0,0,-50,0,-50,0,1,1203402
2026-02-04T05:43:21.483729+00:00,KXNCAAMBGAME-26FEB03UNLVFRES-UNLV,84,85,15,16,,,0,0,0,-50,0,-50,0,1,1203398
2026-02-04T05:43:25.644241+00:00,KXNCAAMBGAME-26FEB03UNLVFRES-UNLV,85,86,14,15,,,0,0,0,-50,0,-50,0,1,1203394
2026-02-04T05:43:29.898073+00:00,KXNCAAMBGAME-26FEB03UNLVFRES-UNLV,85,86,14,15,,,0,0,0,-50,0,-50,0,1,1203390
2026-02-04T05:43:34.087552+00:00,KXNCAAMBGAME-26FEB03UNLVFRES-UNLV,85,86,14,15,,,0,0,0,-50,0,-50,0,1,1203386
2026-02-04T05:43:38.276423+00:00,KXNCAAMBGAME-26FEB03UNLVFRES-UNLV,85,86,14,15,,,0,0,0,-50,0,-50,0,1,1203381
2026-02-04T05:43:42.611559+00:00,KXNCAAMBGAME-26FEB03UNLVFRES-UNLV,85,86,14,15,,,0,0,0,-50,0,-50,0,1,1203377
2026-02-04T05:43:46.781072+00:00,KXNCAAMBGAME-26FEB03UNLVFRES-UNLV,85,86,14,15,,,0,0,0,-50,0,-50,0,1,1203373
2026-02-04T05:43:50.961170+00:00,KXNCAAMBGAME-26FEB03UNLVFRES-UNLV,85,86,14,15,,,0,0,0,-50,0,-50,0,1,1203369
2026-02-04T05:43:55.199447+00:00,KXNCAAMBGAME-26FEB03UNLVFRES-UNLV,85,86,14,15,,,0,0,0,-50,0,-50,0,1,1203365
2026-02-04T05:43:59.376839+00:00,KXNCAAMBGAME-26FEB03UNLVFRES-UNLV,85,86,14,15,,,0,0,0,-50,0,-50,0,1,1203360
2026-02-04T05:44:03.564528+00:00,KXNCAAMBGAME-26FEB03UNLVFRES-UNLV,85,86,14,15,,,0,0,0,-50,0,-50,0,1,1203356
2026-02-04T05:44:07.767686+00:00,KXNCAAMBGAME-26FEB03UNLVFRES-UNLV,85,86,14,15,,,0,0,0,-50,0,-50,0,1,1203352
2026-02-04T05:44:11.961770+00:00,KXNCAAMBGAME-26FEB03UNLVFRES-UNLV,85,86,14,15,,,0,0,0,-50,0,-50,0,1,1203348
2026-02-04T05:44:16.193624+00:00,KXNCAAMBGAME-26FEB03UNLVFRES-UNLV,85,86,14,15,,,0,0,0,-50,0,-50,0,1,1203344
2026-02-04T05:44:20.429200+00:00,KXNCAAMBGAME-26FEB03UNLVFRES-UNLV,85,86,14,15,,,0,0,0,-50,0,-50,0,1,1203339
2026-02-04T05:44:24.794344+00:00,KXNCAAMBGAME-26FEB03UNLVFRES-UNLV,85,86,14,15,,,0,0,0,-50,0,-50,0,1,1203335
2026-02-04T05:44:29.049953+00:00,KXNCAAMBGAME-26FEB03UNLVFRES-UNLV,85,86,14,15,,,0,0,0,-50,0,-50,0,1,1203331
2026-02-04T05:44:33.237968+00:00,KXNCAAMBGAME-26FEB03UNLVFRES-UNLV,85,86,14,15,,,0,0,0,-50,0,-50,0,1,1203326
2026-02-04T05:44:37.430932+00:00,KXNCAAMBGAME-26FEB03UNLVFRES-UNLV,85,86,14,15,,,0,0,0,-50,0,-50,0,1,1203322
2026-02-04T05:44:41.629428+00:00,KXNCAAMBGAME-26FEB03UNLVFRES-UNLV,85,87,13,15,,,0,0,0,-50,0,-50,0,1,1203318
2026-02-04T05:44:46.205972+00:00,KXNCAAMBGAME-26FEB03UNLVFRES-UNLV,87,88,12,13,,,0,0,0,-50,0,-50,0,1,1203314
2026-02-04T05:44:50.396526+00:00,KXNCAAMBGAME-26FEB03UNLVFRES-UNLV,87,88,12,13,,,0,0,0,-50,0,-50,0,1,1203309
2026-02-04T05:44:54.566316+00:00,KXNCAAMBGAME-26FEB03UNLVFRES-UNLV,87,88,12,13,,,0,0,0,-50,0,-50,0,1,1203305
2026-02-04T05:44:58.754190+00:00,KXNCAAMBGAME-26FEB03UNLVFRES-UNLV,87,88,12,13,,,0,0,0,-50,0,-50,0,1,1203301
2026-02-04T05:45:02.945038+00:00,KXNCAAMBGAME-26FEB03UNLVFRES-UNLV,87,89,11,13,,,0,0,0,-50,0,-50,0,1,1203297
2026-02-04T05:45:07.157791+00:00,KXNCAAMBGAME-26FEB03UNLVFRES-UNLV,88,89,11,12,,,0,0,0,-50,0,-50,0,1,1203293
2026-02-04T05:45:11.400818+00:00,KXNCAAMBGAME-26FEB03UNLVFRES-UNLV,87,89,11,13,,,0,0,0,-50,0,-50,0,1,1203288
2026-02-04T05:45:15.622373+00:00,KXNCAAMBGAME-26FEB03UNLVFRES-UNLV,88,89,11,12,,,0,0,0,-50,0,-50,0,1,1203284
2026-02-04T05:45:19.821609+00:00,KXNCAAMBGAME-26FEB03UNLVFRES-UNLV,88,90,10,12,,,0,0,0,-50,0,-50,0,1,1203280
2026-02-04T05:45:24.081929+00:00,KXNCAAMBGAME-26FEB03UNLVFRES-UNLV,88,90,10,12,,,0,0,0,-50,0,-50,0,1,1203276
2026-02-04T05:45:28.296922+00:00,KXNCAAMBGAME-26FEB03UNLVFRES-UNLV,88,90,10,12,,,0,0,0,-50,0,-50,0,1,1203271
2026-02-04T05:45:32.472253+00:00,KXNCAAMBGAME-26FEB03UNLVFRES-UNLV,88,89,11,12,,,0,0,0,-50,0,-50,0,1,1203267
2026-02-04T05:45:36.672856+00:00,KXNCAAMBGAME-26FEB03UNLVFRES-UNLV,88,89,11,12,,,0,0,0,-50,0,-50,0,1,1203263
2026-02-04T05:45:40.878466+00:00,KXNCAAMBGAME-26FEB03UNLVFRES-UNLV,88,89,11,12,,,0,0,0,-50,0,-50,0,1,1203259
2026-02-04T05:45:45.068297+00:00,KXNCAAMBGAME-26FEB03UNLVFRES-UNLV,88,89,11,12,,,0,0,0,-50,0,-50,0,1,1203255
2026-02-04T05:45:49.315390+00:00,KXNCAAMBGAME-26FEB03UNLVFRES-UNLV,88,89,11,12,,,0,0,0,-50,0,-50,0,1,1203250
2026-02-04T05:45:53.481065+00:00,KXNCAAMBGAME-26FEB03UNLVFRES-UNLV,88,89,11,12,,,0,0,0,-50,0,-50,0,1,1203246
2026-02-04T05:45:57.704704+00:00,KXNCAAMBGAME-26FEB03UNLVFRES-UNLV,89,91,9,11,,,0,0,0,-50,0,-50,0,1,1203242
2026-02-04T05:46:01.902166+00:00,KXNCAAMBGAME-26FEB03UNLVFRES-UNLV,89,91,9,11,,,0,0,0,-50,0,-50,0,1,1203238
2026-02-04T05:46:06.070858+00:00,KXNCAAMBGAME-26FEB03UNLVFRES-UNLV,88,89,11,12,,,0,0,0,-50,0,-50,0,1,1203234
2026-02-04T05:46:10.239733+00:00,KXNCAAMBGAME-26FEB03UNLVFRES-UNLV,88,90,10,12,,,0,0,0,-50,0,-50,0,1,1203229
2026-02-04T05:46:14.441630+00:00,KXNCAAMBGAME-26FEB03UNLVFRES-UNLV,89,90,10,11,,,0,0,0,-50,0,-50,0,1,1203225
2026-02-04T05:46:18.763303+00:00,KXNCAAMBGAME-26FEB03UNLVFRES-UNLV,89,90,10,11,,,0,0,0,-50,0,-50,0,1,1203221
2026-02-04T05:46:23.269708+00:00,KXNCAAMBGAME-26FEB03UNLVFRES-UNLV,88,89,11,12,,,0,0,0,-50,0,-50,0,1,1203217
2026-02-04T05:46:27.454407+00:00,KXNCAAMBGAME-26FEB03UNLVFRES-UNLV,87,89,11,13,,,0,0,0,-50,0,-50,0,1,1203212
2026-02-04T05:46:31.660772+00:00,KXNCAAMBGAME-26FEB03UNLVFRES-UNLV,88,89,11,12,,,0,0,0,-50,0,-50,0,1,1203208
2026-02-04T05:46:35.870730+00:00,KXNCAAMBGAME-26FEB03UNLVFRES-UNLV,87,89,11,13,,,0,0,0,-50,0,-50,0,1,1203204
2026-02-04T05:46:40.039898+00:00,KXNCAAMBGAME-26FEB03UNLVFRES-UNLV,88,89,11,12,,,0,0,0,-50,0,-50,0,1,1203200
2026-02-04T05:46:44.253575+00:00,KXNCAAMBGAME-26FEB03UNLVFRES-UNLV,88,89,11,12,,,0,0,0,-50,0,-50,0,1,1203195
2026-02-04T05:46:48.490360+00:00,KXNCAAMBGAME-26FEB03UNLVFRES-UNLV,88,89,11,12,,,0,0,0,-50,0,-50,0,1,1203191
2026-02-04T05:46:52.863176+00:00,KXNCAAMBGAME-26FEB03UNLVFRES-UNLV,88,89,11,12,,,0,0,0,-50,0,-50,0,1,1203187
2026-02-04T05:46:57.082158+00:00,KXNCAAMBGAME-26FEB03UNLVFRES-UNLV,88,89,11,12,,,0,0,0,-50,0,-50,0,1,1203183
2026-02-04T05:47:01.291215+00:00,KXNCAAMBGAME-26FEB03UNLVFRES-UNLV,89,91,9,11,,,0,0,0,-50,0,-50,0,1,1203178
2026-02-04T05:47:05.474570+00:00,KXNCAAMBGAME-26FEB03UNLVFRES-UNLV,90,91,9,10,,,0,0,0,-50,0,-50,0,1,1203174
2026-02-04T05:47:09.675836+00:00,KXNCAAMBGAME-26FEB03UNLVFRES-UNLV,91,92,8,9,,,0,0,0,-50,0,-50,0,1,1203170
2026-02-04T05:47:13.881823+00:00,KXNCAAMBGAME-26FEB03UNLVFRES-UNLV,92,93,7,8,,,0,0,0,-50,0,-50,0,1,1203166
2026-02-04T05:47:18.074891+00:00,KXNCAAMBGAME-26FEB03UNLVFRES-UNLV,92,93,7,8,,,0,0,0,-50,0,-50,0,1,1203162
2026-02-04T05:47:22.557317+00:00,KXNCAAMBGAME-26FEB03UNLVFRES-UNLV,92,93,7,8,,,0,0,0,-50,0,-50,0,1,1203157
2026-02-04T05:47:26.724613+00:00,KXNCAAMBGAME-26FEB03UNLVFRES-UNLV,91,92,8,9,,,0,0,0,-50,0,-50,0,1,1203153
2026-02-04T05:47:31.062178+00:00,KXNCAAMBGAME-26FEB03UNLVFRES-UNLV,91,92,8,9,,,0,0,0,-50,0,-50,0,1,1203149
2026-02-04T05:47:35.285088+00:00,KXNCAAMBGAME-26FEB03UNLVFRES-UNLV,92,93,7,8,,,0,0,0,-50,0,-50,0,1,1203144
2026-02-04T05:47:39.456062+00:00,KXNCAAMBGAME-26FEB03UNLVFRES-UNLV,92,93,7,8,,,0,0,0,-50,0,-50,0,1,1203140
2026-02-04T05:47:43.619418+00:00,KXNCAAMBGAME-26FEB03UNLVFRES-UNLV,92,93,7,8,,,0,0,0,-50,0,-50,0,1,1203136
2026-02-04T05:47:47.837394+00:00,KXNCAAMBGAME-26FEB03UNLVFRES-UNLV,92,94,6,8,,,0,0,0,-50,0,-50,0,1,1203132
2026-02-04T05:47:52.172702+00:00,KXNCAAMBGAME-26FEB03UNLVFRES-UNLV,93,94,6,7,,,0,0,0,-50,0,-50,0,1,1203128
2026-02-04T05:47:56.352166+00:00,KXNCAAMBGAME-26FEB03UNLVFRES-UNLV,93,95,5,7,,,0,0,0,-50,0,-50,0,1,1203123
2026-02-04T05:48:00.534529+00:00,KXNCAAMBGAME-26FEB03UNLVFRES-UNLV,93,94,6,7,,,0,0,0,-50,0,-50,0,1,1203119
2026-02-04T05:48:04.683475+00:00,KXNCAAMBGAME-26FEB03UNLVFRES-UNLV,93,95,5,7,,,0,0,0,-50,0,-50,0,1,1203115
2026-02-04T05:48:08.880509+00:00,KXNCAAMBGAME-26FEB03UNLVFRES-UNLV,93,94,6,7,,,0,0,0,-50,0,-50,0,1,1203111
2026-02-04T05:48:13.065302+00:00,KXNCAAMBGAME-26FEB03UNLVFRES-UNLV,94,95,5,6,,,0,0,0,-50,0,-50,0,1,1203107
2026-02-04T05:48:17.239024+00:00,KXNCAAMBGAME-26FEB03UNLVFRES-UNLV,94,95,5,6,,,0,0,0,-50,0,-50,0,1,1203102
2026-02-04T05:48:21.453679+00:00,KXNCAAMBGAME-26FEB03UNLVFRES-UNLV,94,96,4,6,,,0,0,0,-50,0,-50,0,1,1203098
2026-02-04T05:48:25.722112+00:00,KXNCAAMBGAME-26FEB03UNLVFRES-UNLV,94,96,4,6,,,0,0,0,-50,0,-50,0,1,1203094
2026-02-04T05:48:29.926967+00:00,KXNCAAMBGAME-26FEB03UNLVFRES-UNLV,94,95,5,6,,,0,0,0,-50,0,-50,0,1,1203090
2026-02-04T05:48:34.102082+00:00,KXNCAAMBGAME-26FEB03UNLVFRES-UNLV,94,95,5,6,,,0,0,0,-50,0,-50,0,1,1203086
2026-02-04T05:48:38.316242+00:00,KXNCAAMBGAME-26FEB03UNLVFRES-UNLV,94,96,4,6,,,0,0,0,-50,0,-50,0,1,1203081
2026-02-04T05:48:42.520606+00:00,KXNCAAMBGAME-26FEB03UNLVFRES-UNLV,95,96,4,5,,,0,0,0,-50,0,-50,0,1,1203077
2026-02-04T05:48:46.708846+00:00,KXNCAAMBGAME-26FEB03UNLVFRES-UNLV,95,96,4,5,,,0,0,0,-50,0,-50,0,1,1203073
2026-02-04T05:48:50.971912+00:00,KXNCAAMBGAME-26FEB03UNLVFRES-UNLV,95,97,3,5,,,0,0,0,-50,0,-50,0,1,1203069
2026-02-04T05:48:55.274246+00:00,KXNCAAMBGAME-26FEB03UNLVFRES-UNLV,95,97,3,5,,,0,0,0,-50,0,-50,0,1,1203065
2026-02-04T05:48:59.691346+00:00,KXNCAAMBGAME-26FEB03UNLVFRES-UNLV,95,96,4,5,,,0,0,0,-50,0,-50,0,1,1203060
2026-02-04T05:49:03.877731+00:00,KXNCAAMBGAME-26FEB03UNLVFRES-UNLV,95,96,4,5,,,0,0,0,-50,0,-50,0,1,1203056
2026-02-04T05:49:08.083211+00:00,KXNCAAMBGAME-26FEB03UNLVFRES-UNLV,95,96,4,5,,,0,0,0,-50,0,-50,0,1,1203052
2026-02-04T05:49:12.252540+00:00,KXNCAAMBGAME-26FEB03UNLVFRES-UNLV,95,96,4,5,,,0,0,0,-50,0,-50,0,1,1203047
2026-02-04T05:49:16.457914+00:00,KXNCAAMBGAME-26FEB03UNLVFRES-UNLV,95,96,4,5,,,0,0,0,-50,0,-50,0,1,1203043
2026-02-04T05:49:20.671692+00:00,KXNCAAMBGAME-26FEB03UNLVFRES-UNLV,95,96,4,5,,,0,0,0,-50,0,-50,0,1,1203039
2026-02-04T05:49:24.885490+00:00,KXNCAAMBGAME-26FEB03UNLVFRES-UNLV,95,96,4,5,,,0,0,0,-50,0,-50,0,1,1203035
2026-02-04T05:49:29.113246+00:00,KXNCAAMBGAME-26FEB03UNLVFRES-UNLV,95,96,4,5,,,0,0,0,-50,0,-50,0,1,1203031
2026-02-04T05:49:33.346168+00:00,KXNCAAMBGAME-26FEB03UNLVFRES-UNLV,95,96,4,5,,,0,0,0,-50,0,-50,0,1,1203026
2026-02-04T05:49:37.531611+00:00,KXNCAAMBGAME-26FEB03UNLVFRES-UNLV,95,96,4,5,,,0,0,0,-50,0,-50,0,1,1203022
2026-02-04T05:49:41.722443+00:00,KXNCAAMBGAME-26FEB03UNLVFRES-UNLV,95,96,4,5,,,0,0,0,-50,0,-50,0,1,1203018
2026-02-04T05:49:45.909335+00:00,KXNCAAMBGAME-26FEB03UNLVFRES-UNLV,92,93,7,8,,,0,0,0,-50,0,-50,0,1,1203014
2026-02-04T05:49:50.136787+00:00,KXNCAAMBGAME-26FEB03UNLVFRES-UNLV,92,93,7,8,,,0,0,0,-50,0,-50,0,1,1203010
2026-02-04T05:49:54.332456+00:00,KXNCAAMBGAME-26FEB03UNLVFRES-UNLV,92,93,7,8,,,0,0,0,-50,0,-50,0,1,1203005
2026-02-04T05:49:58.644359+00:00,KXNCAAMBGAME-26FEB03UNLVFRES-UNLV,92,94,6,8,,,0,0,0,-50,0,-50,0,1,1203001
2026-02-04T05:50:02.830810+00:00,KXNCAAMBGAME-26FEB03UNLVFRES-UNLV,92,93,7,8,,,0,0,0,-50,0,-50,0,1,1202997
2026-02-04T05:50:07.024039+00:00,KXNCAAMBGAME-26FEB03UNLVFRES-UNLV,92,93,7,8,,,0,0,0,-50,0,-50,0,1,1202993
2026-02-04T05:50:11.237574+00:00,KXNCAAMBGAME-26FEB03UNLVFRES-UNLV,92,93,7,8,,,0,0,0,-50,0,-50,0,1,1202988
2026-02-04T05:50:15.427403+00:00,KXNCAAMBGAME-26FEB03UNLVFRES-UNLV,91,92,8,9,,,0,0,0,-50,0,-50,0,1,1202984
2026-02-04T05:50:19.617264+00:00,KXNCAAMBGAME-26FEB03UNLVFRES-UNLV,90,91,9,10,,,0,0,0,-50,0,-50,0,1,1202980
2026-02-04T05:50:23.853542+00:00,KXNCAAMBGAME-26FEB03UNLVFRES-UNLV,90,91,9,10,,,0,0,0,-50,0,-50,0,1,1202976
2026-02-04T05:50:28.014070+00:00,KXNCAAMBGAME-26FEB03UNLVFRES-UNLV,90,91,9,10,,,0,0,0,-50,0,-50,0,1,1202972
2026-02-04T05:50:32.252083+00:00,KXNCAAMBGAME-26FEB03UNLVFRES-UNLV,90,91,9,10,,,0,0,0,-50,0,-50,0,1,1202967
2026-02-04T05:50:36.412808+00:00,KXNCAAMBGAME-26FEB03UNLVFRES-UNLV,90,91,9,10,,,0,0,0,-50,0,-50,0,1,1202963
2026-02-04T05:50:40.591164+00:00,KXNCAAMBGAME-26FEB03UNLVFRES-UNLV,90,91,9,10,,,0,0,0,-50,0,-50,0,1,1202959
2026-02-04T05:50:44.787993+00:00,KXNCAAMBGAME-26FEB03UNLVFRES-UNLV,90,91,9,10,,,0,0,0,-50,0,-50,0,1,1202955
2026-02-04T05:50:48.970142+00:00,KXNCAAMBGAME-26FEB03UNLVFRES-UNLV,90,91,9,10,,,0,0,0,-50,0,-50,0,1,1202951
2026-02-04T05:50:53.143752+00:00,KXNCAAMBGAME-26FEB03UNLVFRES-UNLV,90,91,9,10,,,0,0,0,-50,0,-50,0,1,1202947
2026-02-04T05:50:57.347287+00:00,KXNCAAMBGAME-26FEB03UNLVFRES-UNLV,90,91,9,10,,,0,0,0,-50,0,-50,0,1,1202942
2026-02-04T05:51:01.567282+00:00,KXNCAAMBGAME-26FEB03UNLVFRES-UNLV,90,91,9,10,,,0,0,0,-50,0,-50,0,1,1202938
2026-02-04T05:51:05.754523+00:00,KXNCAAMBGAME-26FEB03UNLVFRES-UNLV,90,91,9,10,,,0,0,0,-50,0,-50,0,1,1202934
2026-02-04T05:51:09.940134+00:00,KXNCAAMBGAME-26FEB03UNLVFRES-UNLV,90,91,9,10,,,0,0,0,-50,0,-50,0,1,1202930
2026-02-04T05:51:14.158214+00:00,KXNCAAMBGAME-26FEB03UNLVFRES-UNLV,90,91,9,10,,,0,0,0,-50,0,-50,0,1,1202926
2026-02-04T05:51:18.332823+00:00,KXNCAAMBGAME-26FEB03UNLVFRES-UNLV,90,91,9,10,,,0,0,0,-50,0,-50,0,1,1202921
2026-02-04T05:51:22.514602+00:00,KXNCAAMBGAME-26FEB03UNLVFRES-UNLV,90,91,9,10,,,0,0,0,-50,0,-50,0,1,1202917
2026-02-04T05:51:26.728595+00:00,KXNCAAMBGAME-26FEB03UNLVFRES-UNLV,90,91,9,10,,,0,0,0,-50,0,-50,0,1,1202913
2026-02-04T05:51:30.957726+00:00,KXNCAAMBGAME-26FEB03UNLVFRES-UNLV,90,91,9,10,,,0,0,0,-50,0,-50,0,1,1202909
2026-02-04T05:51:35.192669+00:00,KXNCAAMBGAME-26FEB03UNLVFRES-UNLV,90,91,9,10,,,0,0,0,-50,0,-50,0,1,1202905
2026-02-04T05:51:39.366170+00:00,KXNCAAMBGAME-26FEB03UNLVFRES-UNLV,90,91,9,10,,,0,0,0,-50,0,-50,0,1,1202900
2026-02-04T05:51:43.570702+00:00,KXNCAAMBGAME-26FEB03UNLVFRES-UNLV,90,91,9,10,,,0,0,0,-50,0,-50,0,1,1202896
2026-02-04T05:51:47.768949+00:00,KXNCAAMBGAME-26FEB03UNLVFRES-UNLV,90,91,9,10,,,0,0,0,-50,0,-50,0,1,1202892
2026-02-04T05:51:51.941233+00:00,KXNCAAMBGAME-26FEB03UNLVFRES-UNLV,90,91,9,10,,,0,0,0,-50,0,-50,0,1,1202888
2026-02-04T05:51:56.113463+00:00,KXNCAAMBGAME-26FEB03UNLVFRES-UNLV,90,91,9,10,,,0,0,0,-50,0,-50,0,1,1202884
2026-02-04T05:52:00.317199+00:00,KXNCAAMBGAME-26FEB03UNLVFRES-UNLV,90,91,9,10,,,0,0,0,-50,0,-50,0,1,1202879
2026-02-04T05:52:04.598402+00:00,KXNCAAMBGAME-26FEB03UNLVFRES-UNLV,90,91,9,10,,,0,0,0,-50,0,-50,0,1,1202875
