timestamp,ticker,team,line,yes_best_bid,yes_imp_ask,no_best_bid,no_imp_ask,spread_cents,midpoint,yes_bid_qty,yes_ask_qty,no_bid_qty,no_ask_qty,fetch_success,error_msg
2026-02-07T01:09:27.142783+00:00,KXNCAAMBSPREAD-26FEB06BRADUNI-BRAD12,BRAD,12.0,3,26,74,97,23,14.5,50,16961,16961,50,True,
2026-02-07T01:09:27.569472+00:00,KXNCAAMBSPREAD-26FEB06BRADUNI-BRAD3,BRAD,3.0,19,38,62,81,19,28.5,1961,1961,1961,1961,True,
2026-02-07T01:09:28.027180+00:00,KXNCAAMBSPREAD-26FEB06BRADUNI-BRAD6,BRAD,6.0,9,21,79,91,12,15.0,423,26,26,423,True,
2026-02-07T01:09:28.460332+00:00,KXNCAAMBSPREAD-26FEB06BRADUNI-BRAD9,BRAD,9.0,3,36,64,97,33,19.5,50,6,6,50,True,
2026-02-07T01:09:29.354526+00:00,KXNCAAMBSPREAD-26FEB06BRADUNI-UNI12,UNI,12.0,14,29,71,86,15,21.5,800,1961,1961,800,True,
2026-02-07T01:09:30.235548+00:00,KXNCAAMBSPREAD-26FEB06BRADUNI-UNI15,UNI,15.0,10,21,79,90,11,15.5,178,1961,1961,178,True,
2026-02-07T01:09:30.831579+00:00,KXNCAAMBSPREAD-26FEB06BRADUNI-UNI18,UNI,18.0,3,12,88,97,9,7.5,734,178,178,734,True,
2026-02-07T01:09:31.243271+00:00,KXNCAAMBSPREAD-26FEB06BRADUNI-UNI3,UNI,3.0,51,58,42,49,7,54.5,8,62,62,8,True,
2026-02-07T01:09:31.640606+00:00,KXNCAAMBSPREAD-26FEB06BRADUNI-UNI6,UNI,6.0,33,49,51,67,16,41.0,684,1961,1961,684,True,
2026-02-07T01:09:32.104195+00:00,KXNCAAMBSPREAD-26FEB06BRADUNI-UNI9,UNI,9.0,27,39,61,73,12,33.0,291,1961,1961,291,True,
2026-02-07T01:10:49.552580+00:00,KXNCAAMBSPREAD-26FEB06BRADUNI-BRAD12,BRAD,12.0,3,10,90,97,7,6.5,50,139,139,50,True,
2026-02-07T01:10:50.010488+00:00,KXNCAAMBSPREAD-26FEB06BRADUNI-BRAD3,BRAD,3.0,20,28,72,80,8,24.0,1535,139,139,1535,True,
2026-02-07T01:10:50.497046+00:00,KXNCAAMBSPREAD-26FEB06BRADUNI-BRAD6,BRAD,6.0,11,20,80,89,9,15.5,1535,169,169,1535,True,
2026-02-07T01:10:51.041118+00:00,KXNCAAMBSPREAD-26FEB06BRADUNI-BRAD9,BRAD,9.0,5,12,88,95,7,8.5,139,10,10,139,True,
2026-02-07T01:10:51.559389+00:00,KXNCAAMBSPREAD-26FEB06BRADUNI-UNI12,UNI,12.0,18,25,75,82,7,21.5,140,139,139,140,True,
2026-02-07T01:10:52.790327+00:00,KXNCAAMBSPREAD-26FEB06BRADUNI-UNI15,UNI,15.0,10,17,83,90,7,13.5,140,139,139,140,True,
2026-02-07T01:10:53.244455+00:00,KXNCAAMBSPREAD-26FEB06BRADUNI-UNI18,UNI,18.0,3,12,88,97,9,7.5,1523,905,905,1523,True,
2026-02-07T01:10:53.807014+00:00,KXNCAAMBSPREAD-26FEB06BRADUNI-UNI3,UNI,3.0,51,56,44,49,5,53.5,72,139,139,72,True,
2026-02-07T01:10:54.487023+00:00,KXNCAAMBSPREAD-26FEB06BRADUNI-UNI6,UNI,6.0,38,40,60,62,2,39.0,411,400,400,411,True,
2026-02-07T01:10:55.175374+00:00,KXNCAAMBSPREAD-26FEB06BRADUNI-UNI9,UNI,9.0,28,30,70,72,2,29.0,200,400,400,200,True,
2026-02-07T01:12:13.156874+00:00,KXNCAAMBSPREAD-26FEB06BRADUNI-BRAD12,BRAD,12.0,3,10,90,97,7,6.5,50,144,144,50,True,
2026-02-07T01:12:13.578612+00:00,KXNCAAMBSPREAD-26FEB06BRADUNI-BRAD3,BRAD,3.0,24,30,70,76,6,27.0,344,144,144,344,True,
2026-02-07T01:12:14.040192+00:00,KXNCAAMBSPREAD-26FEB06BRADUNI-BRAD6,BRAD,6.0,12,19,81,88,7,15.5,144,144,144,144,True,
2026-02-07T01:12:14.455881+00:00,KXNCAAMBSPREAD-26FEB06BRADUNI-BRAD9,BRAD,9.0,6,12,88,94,6,9.0,144,154,154,144,True,
2026-02-07T01:12:14.878311+00:00,KXNCAAMBSPREAD-26FEB06BRADUNI-UNI12,UNI,12.0,13,21,79,87,8,17.0,1589,144,144,1589,True,
2026-02-07T01:12:15.313599+00:00,KXNCAAMBSPREAD-26FEB06BRADUNI-UNI15,UNI,15.0,8,15,85,92,7,11.5,144,144,144,144,True,
2026-02-07T01:12:15.827614+00:00,KXNCAAMBSPREAD-26FEB06BRADUNI-UNI18,UNI,18.0,3,10,90,97,7,6.5,190,144,144,190,True,
2026-02-07T01:12:16.292462+00:00,KXNCAAMBSPREAD-26FEB06BRADUNI-UNI3,UNI,3.0,50,53,47,50,3,51.5,239,800,800,239,True,
2026-02-07T01:12:16.686688+00:00,KXNCAAMBSPREAD-26FEB06BRADUNI-UNI6,UNI,6.0,36,39,61,64,3,37.5,344,800,800,344,True,
2026-02-07T01:12:17.062865+00:00,KXNCAAMBSPREAD-26FEB06BRADUNI-UNI9,UNI,9.0,25,30,70,75,5,27.5,200,800,800,200,True,
2026-02-07T01:13:31.450658+00:00,KXNCAAMBSPREAD-26FEB06BRADUNI-BRAD12,BRAD,12.0,3,10,90,97,7,6.5,50,144,144,50,True,
2026-02-07T01:13:31.859691+00:00,KXNCAAMBSPREAD-26FEB06BRADUNI-BRAD3,BRAD,3.0,24,30,70,76,6,27.0,353,144,144,353,True,
2026-02-07T01:13:32.265838+00:00,KXNCAAMBSPREAD-26FEB06BRADUNI-BRAD6,BRAD,6.0,12,19,81,88,7,15.5,144,144,144,144,True,
2026-02-07T01:13:32.690902+00:00,KXNCAAMBSPREAD-26FEB06BRADUNI-BRAD9,BRAD,9.0,6,12,88,94,6,9.0,144,144,144,144,True,
2026-02-07T01:13:33.150138+00:00,KXNCAAMBSPREAD-26FEB06BRADUNI-UNI12,UNI,12.0,17,22,78,83,5,19.5,144,944,944,144,True,
2026-02-07T01:13:33.578072+00:00,KXNCAAMBSPREAD-26FEB06BRADUNI-UNI15,UNI,15.0,6,15,85,94,9,10.5,1589,144,144,1589,True,
2026-02-07T01:13:34.037812+00:00,KXNCAAMBSPREAD-26FEB06BRADUNI-UNI18,UNI,18.0,3,9,91,97,6,6.0,50,144,144,50,True,
2026-02-07T01:13:34.521262+00:00,KXNCAAMBSPREAD-26FEB06BRADUNI-UNI3,UNI,3.0,50,53,47,50,3,51.5,39,1600,1600,39,True,
2026-02-07T01:13:35.288150+00:00,KXNCAAMBSPREAD-26FEB06BRADUNI-UNI6,UNI,6.0,36,39,61,64,3,37.5,353,800,800,353,True,
2026-02-07T01:13:36.064303+00:00,KXNCAAMBSPREAD-26FEB06BRADUNI-UNI9,UNI,9.0,26,30,70,74,4,28.0,353,800,800,353,True,
2026-02-07T01:14:50.766303+00:00,KXNCAAMBSPREAD-26FEB06BRADUNI-BRAD12,BRAD,12.0,3,10,90,97,7,6.5,50,144,144,50,True,
2026-02-07T01:14:51.147003+00:00,KXNCAAMBSPREAD-26FEB06BRADUNI-BRAD3,BRAD,3.0,25,30,70,75,5,27.5,145,144,144,145,True,
2026-02-07T01:14:51.558649+00:00,KXNCAAMBSPREAD-26FEB06BRADUNI-BRAD6,BRAD,6.0,12,19,81,88,7,15.5,144,144,144,144,True,
2026-02-07T01:14:51.927802+00:00,KXNCAAMBSPREAD-26FEB06BRADUNI-BRAD9,BRAD,9.0,6,12,88,94,6,9.0,144,144,144,144,True,
2026-02-07T01:14:52.327963+00:00,KXNCAAMBSPREAD-26FEB06BRADUNI-UNI12,UNI,12.0,17,21,79,83,4,19.0,144,142,142,144,True,
2026-02-07T01:14:52.827523+00:00,KXNCAAMBSPREAD-26FEB06BRADUNI-UNI15,UNI,15.0,6,15,85,94,9,10.5,1570,1603,1603,1570,True,
2026-02-07T01:14:53.219762+00:00,KXNCAAMBSPREAD-26FEB06BRADUNI-UNI18,UNI,18.0,3,9,91,97,6,6.0,50,144,144,50,True,
2026-02-07T01:14:53.719788+00:00,KXNCAAMBSPREAD-26FEB06BRADUNI-UNI3,UNI,3.0,50,53,47,50,3,51.5,32,400,400,32,True,
2026-02-07T01:14:54.145154+00:00,KXNCAAMBSPREAD-26FEB06BRADUNI-UNI6,UNI,6.0,36,40,60,64,4,38.0,200,555,555,200,True,
2026-02-07T01:14:54.554752+00:00,KXNCAAMBSPREAD-26FEB06BRADUNI-UNI9,UNI,9.0,26,30,70,74,4,28.0,353,545,545,353,True,
2026-02-07T01:16:09.369530+00:00,KXNCAAMBSPREAD-26FEB06BRADUNI-BRAD12,BRAD,12.0,3,38,62,97,35,20.5,50,1542,1542,50,True,
2026-02-07T01:16:09.863510+00:00,KXNCAAMBSPREAD-26FEB06BRADUNI-BRAD3,BRAD,3.0,21,33,67,79,12,27.0,1562,142,142,1562,True,
2026-02-07T01:16:10.501594+00:00,KXNCAAMBSPREAD-26FEB06BRADUNI-BRAD6,BRAD,6.0,11,24,76,89,13,17.5,1570,49,49,1570,True,
2026-02-07T01:16:11.219463+00:00,KXNCAAMBSPREAD-26FEB06BRADUNI-BRAD9,BRAD,9.0,3,12,88,97,9,7.5,50,144,144,50,True,
2026-02-07T01:16:11.932257+00:00,KXNCAAMBSPREAD-26FEB06BRADUNI-UNI12,UNI,12.0,16,25,75,84,9,20.5,81,891,891,81,True,
2026-02-07T01:16:12.359212+00:00,KXNCAAMBSPREAD-26FEB06BRADUNI-UNI15,UNI,15.0,6,17,83,94,11,11.5,81,1570,1570,81,True,
2026-02-07T01:16:12.797540+00:00,KXNCAAMBSPREAD-26FEB06BRADUNI-UNI18,UNI,18.0,3,9,91,97,6,6.0,50,144,144,50,True,
2026-02-07T01:16:13.185940+00:00,KXNCAAMBSPREAD-26FEB06BRADUNI-UNI3,UNI,3.0,50,55,45,50,5,52.5,32,417,417,32,True,
2026-02-07T01:16:13.602916+00:00,KXNCAAMBSPREAD-26FEB06BRADUNI-UNI6,UNI,6.0,35,41,59,65,6,38.0,200,400,400,200,True,
2026-02-07T01:16:14.170282+00:00,KXNCAAMBSPREAD-26FEB06BRADUNI-UNI9,UNI,9.0,23,40,60,77,17,31.5,200,200,200,200,True,
2026-02-07T01:17:28.507069+00:00,KXNCAAMBSPREAD-26FEB06BRADUNI-BRAD12,BRAD,12.0,3,10,90,97,7,6.5,50,151,151,50,True,
2026-02-07T01:17:28.950378+00:00,KXNCAAMBSPREAD-26FEB06BRADUNI-BRAD3,BRAD,3.0,28,40,60,72,12,34.0,946,1609,1609,946,True,
2026-02-07T01:17:29.350187+00:00,KXNCAAMBSPREAD-26FEB06BRADUNI-BRAD6,BRAD,6.0,10,30,70,90,20,20.0,1662,31,31,1662,True,
2026-02-07T01:17:29.731403+00:00,KXNCAAMBSPREAD-26FEB06BRADUNI-BRAD9,BRAD,9.0,8,12,88,92,4,10.0,151,147,147,151,True,
2026-02-07T01:17:30.141983+00:00,KXNCAAMBSPREAD-26FEB06BRADUNI-UNI12,UNI,12.0,7,19,81,93,12,13.0,18000,146,146,18000,True,
2026-02-07T01:17:30.557239+00:00,KXNCAAMBSPREAD-26FEB06BRADUNI-UNI15,UNI,15.0,3,10,90,97,7,6.5,50,151,151,50,True,
2026-02-07T01:17:30.968304+00:00,KXNCAAMBSPREAD-26FEB06BRADUNI-UNI18,UNI,18.0,3,21,79,97,18,12.0,50,1609,1609,50,True,
2026-02-07T01:17:31.439912+00:00,KXNCAAMBSPREAD-26FEB06BRADUNI-UNI3,UNI,3.0,43,48,52,57,5,45.5,103,13,13,103,True,
2026-02-07T01:17:31.859370+00:00,KXNCAAMBSPREAD-26FEB06BRADUNI-UNI6,UNI,6.0,25,38,62,75,13,31.5,1662,392,392,1662,True,
2026-02-07T01:17:32.256501+00:00,KXNCAAMBSPREAD-26FEB06BRADUNI-UNI9,UNI,9.0,14,27,73,86,13,20.5,1662,349,349,1662,True,
2026-02-07T01:18:48.904330+00:00,KXNCAAMBSPREAD-26FEB06BRADUNI-BRAD12,BRAD,12.0,3,53,47,97,50,28.0,50,30,30,50,True,
2026-02-07T01:18:49.381015+00:00,KXNCAAMBSPREAD-26FEB06BRADUNI-BRAD3,BRAD,3.0,27,38,62,73,11,32.5,158,99,99,158,True,
2026-02-07T01:18:50.000245+00:00,KXNCAAMBSPREAD-26FEB06BRADUNI-BRAD6,BRAD,6.0,15,27,73,85,12,21.0,158,41,41,158,True,
2026-02-07T01:18:50.381076+00:00,KXNCAAMBSPREAD-26FEB06BRADUNI-BRAD9,BRAD,9.0,5,17,83,95,12,11.0,158,22,22,158,True,
2026-02-07T01:18:50.793353+00:00,KXNCAAMBSPREAD-26FEB06BRADUNI-UNI12,UNI,12.0,10,21,79,90,11,15.5,1662,1745,1745,1662,True,
2026-02-07T01:18:51.285755+00:00,KXNCAAMBSPREAD-26FEB06BRADUNI-UNI15,UNI,15.0,4,12,88,96,8,8.0,171,171,171,171,True,
2026-02-07T01:18:51.727676+00:00,KXNCAAMBSPREAD-26FEB06BRADUNI-UNI18,UNI,18.0,3,25,75,97,22,14.0,50,16886,16886,50,True,
2026-02-07T01:18:52.380046+00:00,KXNCAAMBSPREAD-26FEB06BRADUNI-UNI3,UNI,3.0,42,50,50,58,8,46.0,7,10,10,7,True,
2026-02-07T01:18:52.787114+00:00,KXNCAAMBSPREAD-26FEB06BRADUNI-UNI6,UNI,6.0,27,39,61,73,12,33.0,1745,158,158,1745,True,
2026-02-07T01:18:53.191441+00:00,KXNCAAMBSPREAD-26FEB06BRADUNI-UNI9,UNI,9.0,16,30,70,84,14,23.0,1886,1886,1886,1886,True,
2026-02-07T01:20:12.261482+00:00,KXNCAAMBSPREAD-26FEB06BRADUNI-BRAD12,BRAD,12.0,3,28,72,97,25,15.5,50,16886,16886,50,True,
2026-02-07T01:20:12.860612+00:00,KXNCAAMBSPREAD-26FEB06BRADUNI-BRAD3,BRAD,3.0,29,42,58,71,13,35.5,467,1872,1872,467,True,
2026-02-07T01:20:13.528361+00:00,KXNCAAMBSPREAD-26FEB06BRADUNI-BRAD6,BRAD,6.0,16,33,67,84,17,24.5,950,76,76,950,True,
2026-02-07T01:20:14.121425+00:00,KXNCAAMBSPREAD-26FEB06BRADUNI-BRAD9,BRAD,9.0,8,21,79,92,13,14.5,537,1907,1907,537,True,
2026-02-07T01:20:14.692114+00:00,KXNCAAMBSPREAD-26FEB06BRADUNI-UNI12,UNI,12.0,7,18,82,93,11,12.5,1636,170,170,1636,True,
2026-02-07T01:20:15.288953+00:00,KXNCAAMBSPREAD-26FEB06BRADUNI-UNI15,UNI,15.0,4,36,64,96,32,20.0,170,16656,16656,170,True,
2026-02-07T01:20:15.789919+00:00,KXNCAAMBSPREAD-26FEB06BRADUNI-UNI18,UNI,18.0,3,26,74,97,23,14.5,50,1872,1872,50,True,
2026-02-07T01:20:16.422160+00:00,KXNCAAMBSPREAD-26FEB06BRADUNI-UNI3,UNI,3.0,36,49,51,64,13,42.5,7,834,834,7,True,
2026-02-07T01:20:17.023488+00:00,KXNCAAMBSPREAD-26FEB06BRADUNI-UNI6,UNI,6.0,23,36,64,77,13,29.5,1716,259,259,1716,True,
2026-02-07T01:20:17.907075+00:00,KXNCAAMBSPREAD-26FEB06BRADUNI-UNI9,UNI,9.0,15,26,74,85,11,20.5,1636,222,222,1636,True,
2026-02-07T01:21:35.613856+00:00,KXNCAAMBSPREAD-26FEB06BRADUNI-BRAD12,BRAD,12.0,3,29,71,97,26,16.0,50,1000,1000,50,True,
2026-02-07T01:21:36.117836+00:00,KXNCAAMBSPREAD-26FEB06BRADUNI-BRAD3,BRAD,3.0,29,41,59,71,12,35.0,467,51,51,467,True,
2026-02-07T01:21:37.914441+00:00,KXNCAAMBSPREAD-26FEB06BRADUNI-BRAD6,BRAD,6.0,10,33,67,90,23,21.5,800,76,76,800,True,
2026-02-07T01:21:38.338711+00:00,KXNCAAMBSPREAD-26FEB06BRADUNI-BRAD9,BRAD,9.0,5,21,79,95,16,13.0,800,2,2,800,True,
2026-02-07T01:21:38.733815+00:00,KXNCAAMBSPREAD-26FEB06BRADUNI-UNI12,UNI,12.0,5,17,83,95,12,11.0,1000,184,184,1000,True,
2026-02-07T01:21:39.130616+00:00,KXNCAAMBSPREAD-26FEB06BRADUNI-UNI15,UNI,15.0,4,36,64,96,32,20.0,170,16656,16656,170,True,
2026-02-07T01:21:39.516846+00:00,KXNCAAMBSPREAD-26FEB06BRADUNI-UNI18,UNI,18.0,3,29,71,97,26,16.0,50,1000,1000,50,True,
2026-02-07T01:21:39.908578+00:00,KXNCAAMBSPREAD-26FEB06BRADUNI-UNI3,UNI,3.0,39,47,53,61,8,43.0,7,425,425,7,True,
2026-02-07T01:21:40.317344+00:00,KXNCAAMBSPREAD-26FEB06BRADUNI-UNI6,UNI,6.0,23,36,64,77,13,29.5,542,259,259,542,True,
2026-02-07T01:21:40.866292+00:00,KXNCAAMBSPREAD-26FEB06BRADUNI-UNI9,UNI,9.0,13,26,74,87,13,19.5,464,222,222,464,True,
2026-02-07T01:22:57.126059+00:00,KXNCAAMBSPREAD-26FEB06BRADUNI-BRAD12,BRAD,12.0,3,13,87,97,10,8.0,50,217,217,50,True,
2026-02-07T01:22:57.568322+00:00,KXNCAAMBSPREAD-26FEB06BRADUNI-BRAD3,BRAD,3.0,25,46,54,75,21,35.5,800,199,199,800,True,
2026-02-07T01:22:58.035423+00:00,KXNCAAMBSPREAD-26FEB06BRADUNI-BRAD6,BRAD,6.0,12,33,67,88,21,22.5,800,76,76,800,True,
2026-02-07T01:22:58.472508+00:00,KXNCAAMBSPREAD-26FEB06BRADUNI-BRAD9,BRAD,9.0,5,24,76,95,19,14.5,800,2,2,800,True,
2026-02-07T01:22:58.901940+00:00,KXNCAAMBSPREAD-26FEB06BRADUNI-UNI12,UNI,12.0,3,15,85,97,12,9.0,850,195,195,850,True,
2026-02-07T01:22:59.360590+00:00,KXNCAAMBSPREAD-26FEB06BRADUNI-UNI15,UNI,15.0,3,79,21,97,76,41.0,50,83,83,50,True,
2026-02-07T01:22:59.777541+00:00,KXNCAAMBSPREAD-26FEB06BRADUNI-UNI18,UNI,18.0,3,50,50,97,47,26.5,50,600,600,50,True,
2026-02-07T01:23:00.198646+00:00,KXNCAAMBSPREAD-26FEB06BRADUNI-UNI3,UNI,3.0,37,45,55,63,8,41.0,7,1017,1017,7,True,
2026-02-07T01:23:00.779304+00:00,KXNCAAMBSPREAD-26FEB06BRADUNI-UNI6,UNI,6.0,24,34,66,76,10,29.0,200,239,239,200,True,
2026-02-07T01:23:01.205071+00:00,KXNCAAMBSPREAD-26FEB06BRADUNI-UNI9,UNI,9.0,9,26,74,91,17,17.5,800,222,222,800,True,
2026-02-07T01:24:24.216645+00:00,KXNCAAMBSPREAD-26FEB06BRADUNI-BRAD12,BRAD,12.0,3,28,72,97,25,15.5,166,1282,1282,166,True,
2026-02-07T01:24:24.621934+00:00,KXNCAAMBSPREAD-26FEB06BRADUNI-BRAD3,BRAD,3.0,26,37,63,74,11,31.5,13,8,8,13,True,
2026-02-07T01:24:25.060549+00:00,KXNCAAMBSPREAD-26FEB06BRADUNI-BRAD6,BRAD,6.0,16,26,74,84,10,21.0,18,11,11,18,True,
2026-02-07T01:24:26.026122+00:00,KXNCAAMBSPREAD-26FEB06BRADUNI-BRAD9,BRAD,9.0,5,19,81,95,14,12.0,1000,14,14,1000,True,
2026-02-07T01:24:26.475859+00:00,KXNCAAMBSPREAD-26FEB06BRADUNI-UNI12,UNI,12.0,5,20,80,95,15,12.5,800,14,14,800,True,
2026-02-07T01:24:27.512778+00:00,KXNCAAMBSPREAD-26FEB06BRADUNI-UNI15,UNI,15.0,3,15,85,97,12,9.0,166,18,18,166,True,
2026-02-07T01:24:27.986973+00:00,KXNCAAMBSPREAD-26FEB06BRADUNI-UNI18,UNI,18.0,3,20,80,97,17,11.5,50,1282,1282,50,True,
2026-02-07T01:24:28.454295+00:00,KXNCAAMBSPREAD-26FEB06BRADUNI-UNI3,UNI,3.0,41,49,51,59,8,45.0,18,18,18,18,True,
2026-02-07T01:24:29.159998+00:00,KXNCAAMBSPREAD-26FEB06BRADUNI-UNI6,UNI,6.0,29,40,60,71,11,34.5,18,18,18,18,True,
2026-02-07T01:24:29.779225+00:00,KXNCAAMBSPREAD-26FEB06BRADUNI-UNI9,UNI,9.0,19,29,71,81,10,24.0,14,18,18,14,True,
2026-02-07T01:25:46.699851+00:00,KXNCAAMBSPREAD-26FEB06BRADUNI-BRAD12,BRAD,12.0,3,28,72,97,25,15.5,166,1282,1282,166,True,
2026-02-07T01:25:47.117136+00:00,KXNCAAMBSPREAD-26FEB06BRADUNI-BRAD3,BRAD,3.0,28,35,65,72,7,31.5,35,18,18,35,True,
2026-02-07T01:25:47.541354+00:00,KXNCAAMBSPREAD-26FEB06BRADUNI-BRAD6,BRAD,6.0,16,26,74,84,10,21.0,18,11,11,18,True,
2026-02-07T01:25:47.955207+00:00,KXNCAAMBSPREAD-26FEB06BRADUNI-BRAD9,BRAD,9.0,5,19,81,95,14,12.0,1000,14,14,1000,True,
2026-02-07T01:25:48.583924+00:00,KXNCAAMBSPREAD-26FEB06BRADUNI-UNI12,UNI,12.0,5,20,80,95,15,12.5,800,14,14,800,True,
2026-02-07T01:25:49.115180+00:00,KXNCAAMBSPREAD-26FEB06BRADUNI-UNI15,UNI,15.0,3,15,85,97,12,9.0,166,18,18,166,True,
2026-02-07T01:25:49.543415+00:00,KXNCAAMBSPREAD-26FEB06BRADUNI-UNI18,UNI,18.0,3,20,80,97,17,11.5,50,1282,1282,50,True,
2026-02-07T01:25:49.972291+00:00,KXNCAAMBSPREAD-26FEB06BRADUNI-UNI3,UNI,3.0,40,49,51,60,9,44.5,18,18,18,18,True,
2026-02-07T01:25:50.383539+00:00,KXNCAAMBSPREAD-26FEB06BRADUNI-UNI6,UNI,6.0,29,40,60,71,11,34.5,18,18,18,18,True,
2026-02-07T01:25:50.804917+00:00,KXNCAAMBSPREAD-26FEB06BRADUNI-UNI9,UNI,9.0,19,29,71,81,10,24.0,14,18,18,14,True,
2026-02-07T01:27:06.927811+00:00,KXNCAAMBSPREAD-26FEB06BRADUNI-BRAD12,BRAD,12.0,3,53,47,97,50,28.0,50,30,30,50,True,
2026-02-07T01:27:07.341327+00:00,KXNCAAMBSPREAD-26FEB06BRADUNI-BRAD3,BRAD,3.0,28,33,67,72,5,30.5,35,18,18,35,True,
2026-02-07T01:27:07.714639+00:00,KXNCAAMBSPREAD-26FEB06BRADUNI-BRAD6,BRAD,6.0,16,26,74,84,10,21.0,18,11,11,18,True,
2026-02-07T01:27:08.130320+00:00,KXNCAAMBSPREAD-26FEB06BRADUNI-BRAD9,BRAD,9.0,3,19,81,97,16,11.0,850,14,14,850,True,
2026-02-07T01:27:08.548131+00:00,KXNCAAMBSPREAD-26FEB06BRADUNI-UNI12,UNI,12.0,5,20,80,95,15,12.5,800,14,14,800,True,
2026-02-07T01:27:09.005234+00:00,KXNCAAMBSPREAD-26FEB06BRADUNI-UNI15,UNI,15.0,3,79,21,97,76,41.0,50,83,83,50,True,
2026-02-07T01:27:09.466752+00:00,KXNCAAMBSPREAD-26FEB06BRADUNI-UNI18,UNI,18.0,3,53,47,97,50,28.0,50,30,30,50,True,
2026-02-07T01:27:09.899796+00:00,KXNCAAMBSPREAD-26FEB06BRADUNI-UNI3,UNI,3.0,46,49,51,54,3,47.5,3,18,18,3,True,
2026-02-07T01:27:10.313620+00:00,KXNCAAMBSPREAD-26FEB06BRADUNI-UNI6,UNI,6.0,29,40,60,71,11,34.5,18,18,18,18,True,
2026-02-07T01:27:10.729545+00:00,KXNCAAMBSPREAD-26FEB06BRADUNI-UNI9,UNI,9.0,19,29,71,81,10,24.0,14,18,18,14,True,
2026-02-07T01:28:38.373749+00:00,KXNCAAMBSPREAD-26FEB06BRADUNI-BRAD12,BRAD,12.0,3,10,90,97,7,6.5,50,98,98,50,True,
2026-02-07T01:28:39.893189+00:00,KXNCAAMBSPREAD-26FEB06BRADUNI-BRAD3,BRAD,3.0,20,28,72,80,8,24.0,1082,108,108,1082,True,
2026-02-07T01:28:40.299799+00:00,KXNCAAMBSPREAD-26FEB06BRADUNI-BRAD6,BRAD,6.0,13,20,80,87,7,16.5,99,128,128,99,True,
2026-02-07T01:28:40.736441+00:00,KXNCAAMBSPREAD-26FEB06BRADUNI-BRAD9,BRAD,9.0,4,15,85,96,11,9.5,400,400,400,400,True,
2026-02-07T01:28:41.318608+00:00,KXNCAAMBSPREAD-26FEB06BRADUNI-UNI12,UNI,12.0,14,22,78,86,8,18.0,637,1082,1082,637,True,
2026-02-07T01:28:42.081077+00:00,KXNCAAMBSPREAD-26FEB06BRADUNI-UNI15,UNI,15.0,8,15,85,92,7,11.5,385,1082,1082,385,True,
2026-02-07T01:28:42.705205+00:00,KXNCAAMBSPREAD-26FEB06BRADUNI-UNI18,UNI,18.0,3,11,89,97,8,7.0,50,98,98,50,True,
2026-02-07T01:28:43.136318+00:00,KXNCAAMBSPREAD-26FEB06BRADUNI-UNI3,UNI,3.0,50,55,45,50,5,52.5,24,508,508,24,True,
2026-02-07T01:28:43.550769+00:00,KXNCAAMBSPREAD-26FEB06BRADUNI-UNI6,UNI,6.0,37,41,59,63,4,39.0,10,400,400,10,True,
2026-02-07T01:28:44.017863+00:00,KXNCAAMBSPREAD-26FEB06BRADUNI-UNI9,UNI,9.0,25,30,70,75,5,27.5,98,108,108,98,True,
2026-02-07T01:30:00.171545+00:00,KXNCAAMBSPREAD-26FEB06BRADUNI-BRAD12,BRAD,12.0,1,24,76,99,23,12.5,200,376,376,200,True,
2026-02-07T01:30:00.610294+00:00,KXNCAAMBSPREAD-26FEB06BRADUNI-BRAD3,BRAD,3.0,21,32,68,79,11,26.5,18,67,67,18,True,
2026-02-07T01:30:01.135092+00:00,KXNCAAMBSPREAD-26FEB06BRADUNI-BRAD6,BRAD,6.0,12,23,77,88,11,17.5,200,45,45,200,True,
2026-02-07T01:30:01.552979+00:00,KXNCAAMBSPREAD-26FEB06BRADUNI-BRAD9,BRAD,9.0,3,29,71,97,26,16.0,50,1000,1000,50,True,
2026-02-07T01:30:01.973438+00:00,KXNCAAMBSPREAD-26FEB06BRADUNI-UNI12,UNI,12.0,9,18,82,91,9,13.5,1000,400,400,1000,True,
2026-02-07T01:30:02.423892+00:00,KXNCAAMBSPREAD-26FEB06BRADUNI-UNI15,UNI,15.0,4,13,87,96,9,8.5,1000,400,400,1000,True,
2026-02-07T01:30:02.845734+00:00,KXNCAAMBSPREAD-26FEB06BRADUNI-UNI18,UNI,18.0,3,9,91,97,6,6.0,50,400,400,50,True,
2026-02-07T01:30:03.309700+00:00,KXNCAAMBSPREAD-26FEB06BRADUNI-UNI3,UNI,3.0,46,48,52,54,2,47.0,800,400,400,800,True,
2026-02-07T01:30:04.849555+00:00,KXNCAAMBSPREAD-26FEB06BRADUNI-UNI6,UNI,6.0,30,36,64,70,6,33.0,986,340,340,986,True,
2026-02-07T01:30:05.301542+00:00,KXNCAAMBSPREAD-26FEB06BRADUNI-UNI9,UNI,9.0,19,26,74,81,7,22.5,253,400,400,253,True,
2026-02-07T01:31:28.362239+00:00,KXNCAAMBSPREAD-26FEB06BRADUNI-BRAD12,BRAD,12.0,2,27,73,98,25,14.5,116,16354,16354,116,True,
2026-02-07T01:31:28.862164+00:00,KXNCAAMBSPREAD-26FEB06BRADUNI-BRAD3,BRAD,3.0,19,30,70,81,11,24.5,1354,6,6,1354,True,
2026-02-07T01:31:29.266768+00:00,KXNCAAMBSPREAD-26FEB06BRADUNI-BRAD6,BRAD,6.0,13,22,78,87,9,17.5,116,23,23,116,True,
2026-02-07T01:31:29.686903+00:00,KXNCAAMBSPREAD-26FEB06BRADUNI-BRAD9,BRAD,9.0,3,37,63,97,34,20.0,1050,1000,1000,1050,True,
2026-02-07T01:31:30.114838+00:00,KXNCAAMBSPREAD-26FEB06BRADUNI-UNI12,UNI,12.0,13,23,77,87,10,18.0,116,1346,1346,116,True,
2026-02-07T01:31:30.611099+00:00,KXNCAAMBSPREAD-26FEB06BRADUNI-UNI15,UNI,15.0,3,15,85,97,12,9.0,1404,1354,1354,1404,True,
2026-02-07T01:31:31.105768+00:00,KXNCAAMBSPREAD-26FEB06BRADUNI-UNI18,UNI,18.0,3,8,92,97,5,5.5,50,113,113,50,True,
2026-02-07T01:31:31.534956+00:00,KXNCAAMBSPREAD-26FEB06BRADUNI-UNI3,UNI,3.0,50,57,43,50,7,53.5,14,1354,1354,14,True,
2026-02-07T01:31:31.946981+00:00,KXNCAAMBSPREAD-26FEB06BRADUNI-UNI6,UNI,6.0,27,41,59,73,14,34.0,1346,7,7,1346,True,
2026-02-07T01:31:32.429121+00:00,KXNCAAMBSPREAD-26FEB06BRADUNI-UNI9,UNI,9.0,24,28,72,76,4,26.0,200,522,522,200,True,
2026-02-07T01:33:14.417260+00:00,KXNCAAMBSPREAD-26FEB06BRADUNI-BRAD12,BRAD,12.0,2,9,91,98,7,5.5,80,80,80,80,True,
2026-02-07T01:33:14.902751+00:00,KXNCAAMBSPREAD-26FEB06BRADUNI-BRAD3,BRAD,3.0,19,27,73,81,8,23.0,979,86,86,979,True,
2026-02-07T01:33:15.990183+00:00,KXNCAAMBSPREAD-26FEB06BRADUNI-BRAD6,BRAD,6.0,13,18,82,87,5,15.5,80,80,80,80,True,
2026-02-07T01:33:16.741225+00:00,KXNCAAMBSPREAD-26FEB06BRADUNI-BRAD9,BRAD,9.0,4,12,88,96,8,8.0,80,80,80,80,True,
2026-02-07T01:33:17.571854+00:00,KXNCAAMBSPREAD-26FEB06BRADUNI-UNI12,UNI,12.0,14,21,79,86,7,17.5,108,80,80,108,True,
2026-02-07T01:33:20.133158+00:00,KXNCAAMBSPREAD-26FEB06BRADUNI-UNI15,UNI,15.0,6,14,86,94,8,10.0,137,979,979,137,True,
2026-02-07T01:33:20.655245+00:00,KXNCAAMBSPREAD-26FEB06BRADUNI-UNI18,UNI,18.0,3,10,90,97,7,6.5,50,80,80,50,True,
2026-02-07T01:33:21.332030+00:00,KXNCAAMBSPREAD-26FEB06BRADUNI-UNI3,UNI,3.0,50,54,46,50,4,52.0,8,89,89,8,True,
2026-02-07T01:33:21.879891+00:00,KXNCAAMBSPREAD-26FEB06BRADUNI-UNI6,UNI,6.0,35,40,60,65,5,37.5,102,80,80,102,True,
2026-02-07T01:33:22.782142+00:00,KXNCAAMBSPREAD-26FEB06BRADUNI-UNI9,UNI,9.0,23,28,72,77,5,25.5,96,400,400,96,True,
2026-02-07T01:34:39.743509+00:00,KXNCAAMBSPREAD-26FEB06BRADUNI-BRAD12,BRAD,12.0,2,53,47,98,51,27.5,108,30,30,108,True,
2026-02-07T01:34:40.246982+00:00,KXNCAAMBSPREAD-26FEB06BRADUNI-BRAD3,BRAD,3.0,10,28,72,90,18,19.0,18000,11,11,18000,True,
2026-02-07T01:34:40.968440+00:00,KXNCAAMBSPREAD-26FEB06BRADUNI-BRAD6,BRAD,6.0,13,19,81,87,6,16.0,108,44,44,108,True,
2026-02-07T01:34:41.434019+00:00,KXNCAAMBSPREAD-26FEB06BRADUNI-BRAD9,BRAD,9.0,3,26,74,97,23,14.5,50,1191,1191,50,True,
2026-02-07T01:34:41.889440+00:00,KXNCAAMBSPREAD-26FEB06BRADUNI-UNI12,UNI,12.0,16,24,76,84,8,20.0,108,11,11,108,True,
2026-02-07T01:34:42.335396+00:00,KXNCAAMBSPREAD-26FEB06BRADUNI-UNI15,UNI,15.0,8,19,81,92,11,13.5,108,1191,1191,108,True,
2026-02-07T01:34:42.805802+00:00,KXNCAAMBSPREAD-26FEB06BRADUNI-UNI18,UNI,18.0,3,53,47,97,50,28.0,50,50,50,50,True,
2026-02-07T01:34:43.501430+00:00,KXNCAAMBSPREAD-26FEB06BRADUNI-UNI3,UNI,3.0,52,57,43,48,5,54.5,25,11,11,25,True,
2026-02-07T01:34:44.413076+00:00,KXNCAAMBSPREAD-26FEB06BRADUNI-UNI6,UNI,6.0,38,47,53,62,9,42.5,24,11,11,24,True,
2026-02-07T01:34:45.173735+00:00,KXNCAAMBSPREAD-26FEB06BRADUNI-UNI9,UNI,9.0,26,35,65,74,9,30.5,11,8,8,11,True,
2026-02-07T01:36:02.819682+00:00,KXNCAAMBSPREAD-26FEB06BRADUNI-BRAD12,BRAD,12.0,1,53,47,99,52,27.0,200,30,30,200,True,
2026-02-07T01:36:03.445429+00:00,KXNCAAMBSPREAD-26FEB06BRADUNI-BRAD3,BRAD,3.0,11,28,72,89,17,19.5,800,11,11,800,True,
2026-02-07T01:36:04.027265+00:00,KXNCAAMBSPREAD-26FEB06BRADUNI-BRAD6,BRAD,6.0,13,18,82,87,5,15.5,108,16,16,108,True,
2026-02-07T01:36:04.454771+00:00,KXNCAAMBSPREAD-26FEB06BRADUNI-BRAD9,BRAD,9.0,3,79,21,97,76,41.0,50,83,83,50,True,
2026-02-07T01:36:05.054089+00:00,KXNCAAMBSPREAD-26FEB06BRADUNI-UNI12,UNI,12.0,11,23,77,89,12,17.0,1288,15,15,1288,True,
2026-02-07T01:36:05.974763+00:00,KXNCAAMBSPREAD-26FEB06BRADUNI-UNI15,UNI,15.0,6,18,82,94,12,12.0,1288,1288,1288,1288,True,
2026-02-07T01:36:06.725013+00:00,KXNCAAMBSPREAD-26FEB06BRADUNI-UNI18,UNI,18.0,3,53,47,97,50,28.0,50,50,50,50,True,
2026-02-07T01:36:09.235741+00:00,KXNCAAMBSPREAD-26FEB06BRADUNI-UNI3,UNI,3.0,53,58,42,47,5,55.5,14,14,14,14,True,
2026-02-07T01:36:09.689229+00:00,KXNCAAMBSPREAD-26FEB06BRADUNI-UNI6,UNI,6.0,38,45,55,62,7,41.5,16,140,140,16,True,
2026-02-07T01:36:10.128608+00:00,KXNCAAMBSPREAD-26FEB06BRADUNI-UNI9,UNI,9.0,24,41,59,76,17,32.5,16,2,2,16,True,
2026-02-07T01:37:25.678830+00:00,KXNCAAMBSPREAD-26FEB06BRADUNI-BRAD12,BRAD,12.0,2,53,47,98,51,27.5,117,30,30,117,True,
2026-02-07T01:37:26.064833+00:00,KXNCAAMBSPREAD-26FEB06BRADUNI-BRAD3,BRAD,3.0,10,43,57,90,33,26.5,34112,6,6,34112,True,
2026-02-07T01:37:26.467974+00:00,KXNCAAMBSPREAD-26FEB06BRADUNI-BRAD6,BRAD,6.0,13,24,76,87,11,18.5,108,1104,1104,108,True,
2026-02-07T01:37:26.956673+00:00,KXNCAAMBSPREAD-26FEB06BRADUNI-BRAD9,BRAD,9.0,3,29,71,97,26,16.0,50,392,392,50,True,
2026-02-07T01:37:27.376545+00:00,KXNCAAMBSPREAD-26FEB06BRADUNI-UNI12,UNI,12.0,9,32,68,91,23,20.5,1104,5,5,1104,True,
2026-02-07T01:37:27.776079+00:00,KXNCAAMBSPREAD-26FEB06BRADUNI-UNI15,UNI,15.0,4,36,64,96,32,20.0,1104,16112,16112,1104,True,
2026-02-07T01:37:28.205612+00:00,KXNCAAMBSPREAD-26FEB06BRADUNI-UNI18,UNI,18.0,3,53,47,97,50,28.0,50,50,50,50,True,
2026-02-07T01:37:28.664986+00:00,KXNCAAMBSPREAD-26FEB06BRADUNI-UNI3,UNI,3.0,41,54,46,59,13,47.5,1011,115,115,1011,True,
2026-02-07T01:37:29.058514+00:00,KXNCAAMBSPREAD-26FEB06BRADUNI-UNI6,UNI,6.0,36,42,58,64,6,39.0,14,101,101,14,True,
2026-02-07T01:37:29.502598+00:00,KXNCAAMBSPREAD-26FEB06BRADUNI-UNI9,UNI,9.0,19,35,65,81,16,27.0,1112,1112,1112,1112,True,
2026-02-07T01:38:44.571193+00:00,KXNCAAMBSPREAD-26FEB06BRADUNI-BRAD12,BRAD,12.0,2,26,74,98,24,14.0,117,15996,15996,117,True,
2026-02-07T01:38:45.018607+00:00,KXNCAAMBSPREAD-26FEB06BRADUNI-BRAD3,BRAD,3.0,12,42,58,88,30,27.0,996,996,996,996,True,
2026-02-07T01:38:45.532405+00:00,KXNCAAMBSPREAD-26FEB06BRADUNI-BRAD6,BRAD,6.0,13,35,65,87,22,24.0,108,1017,1017,108,True,
2026-02-07T01:38:45.926051+00:00,KXNCAAMBSPREAD-26FEB06BRADUNI-BRAD9,BRAD,9.0,3,29,71,97,26,16.0,50,397,397,50,True,
2026-02-07T01:38:46.440259+00:00,KXNCAAMBSPREAD-26FEB06BRADUNI-UNI12,UNI,12.0,7,32,68,93,25,19.5,33996,5,5,33996,True,
2026-02-07T01:38:46.987308+00:00,KXNCAAMBSPREAD-26FEB06BRADUNI-UNI15,UNI,15.0,4,28,72,96,24,16.0,996,996,996,996,True,
2026-02-07T01:38:48.414621+00:00,KXNCAAMBSPREAD-26FEB06BRADUNI-UNI18,UNI,18.0,3,27,73,97,24,15.0,50,15996,15996,50,True,
2026-02-07T01:38:48.770621+00:00,KXNCAAMBSPREAD-26FEB06BRADUNI-UNI3,UNI,3.0,40,60,40,60,20,50.0,996,996,996,996,True,
2026-02-07T01:38:49.237630+00:00,KXNCAAMBSPREAD-26FEB06BRADUNI-UNI6,UNI,6.0,25,44,56,75,19,34.5,996,314,314,996,True,
2026-02-07T01:38:49.654171+00:00,KXNCAAMBSPREAD-26FEB06BRADUNI-UNI9,UNI,9.0,15,36,64,85,21,25.5,996,995,995,996,True,
2026-02-07T01:40:10.275491+00:00,KXNCAAMBSPREAD-26FEB06BRADUNI-BRAD12,BRAD,12.0,2,20,80,98,18,11.0,96,1073,1073,96,True,
2026-02-07T01:40:10.734673+00:00,KXNCAAMBSPREAD-26FEB06BRADUNI-BRAD3,BRAD,3.0,12,42,58,88,30,27.0,1059,1079,1079,1059,True,
2026-02-07T01:40:11.204289+00:00,KXNCAAMBSPREAD-26FEB06BRADUNI-BRAD6,BRAD,6.0,14,33,67,86,19,23.5,69,1073,1073,69,True,
2026-02-07T01:40:11.888182+00:00,KXNCAAMBSPREAD-26FEB06BRADUNI-BRAD9,BRAD,9.0,3,29,71,97,26,16.0,50,377,377,50,True,
2026-02-07T01:40:12.581904+00:00,KXNCAAMBSPREAD-26FEB06BRADUNI-UNI12,UNI,12.0,9,32,68,91,23,20.5,1073,5,5,1073,True,
2026-02-07T01:40:13.207440+00:00,KXNCAAMBSPREAD-26FEB06BRADUNI-UNI15,UNI,15.0,4,36,64,96,32,20.0,19073,16059,16059,19073,True,
2026-02-07T01:40:13.938476+00:00,KXNCAAMBSPREAD-26FEB06BRADUNI-UNI18,UNI,18.0,3,21,79,97,18,12.0,50,1073,1073,50,True,
2026-02-07T01:40:14.549272+00:00,KXNCAAMBSPREAD-26FEB06BRADUNI-UNI3,UNI,3.0,36,56,44,64,20,46.0,1072,13,13,1072,True,
2026-02-07T01:40:15.083474+00:00,KXNCAAMBSPREAD-26FEB06BRADUNI-UNI6,UNI,6.0,25,44,56,75,19,34.5,1073,7,7,1073,True,
2026-02-07T01:40:15.612436+00:00,KXNCAAMBSPREAD-26FEB06BRADUNI-UNI9,UNI,9.0,15,41,59,85,26,28.0,1073,2,2,1073,True,
2026-02-07T01:41:31.315209+00:00,KXNCAAMBSPREAD-26FEB06BRADUNI-BRAD12,BRAD,12.0,2,7,93,98,5,4.5,85,85,85,85,True,
2026-02-07T01:41:33.085552+00:00,KXNCAAMBSPREAD-26FEB06BRADUNI-BRAD3,BRAD,3.0,13,22,78,87,9,17.5,929,91,91,929,True,
2026-02-07T01:41:33.659057+00:00,KXNCAAMBSPREAD-26FEB06BRADUNI-BRAD6,BRAD,6.0,12,15,85,88,3,13.5,285,93,93,285,True,
2026-02-07T01:41:34.211222+00:00,KXNCAAMBSPREAD-26FEB06BRADUNI-BRAD9,BRAD,9.0,3,10,90,97,7,6.5,50,70,70,50,True,
2026-02-07T01:41:34.667616+00:00,KXNCAAMBSPREAD-26FEB06BRADUNI-UNI12,UNI,12.0,17,26,74,83,9,21.5,85,85,85,85,True,
2026-02-07T01:41:35.117775+00:00,KXNCAAMBSPREAD-26FEB06BRADUNI-UNI15,UNI,15.0,4,33,67,96,29,18.5,19000,407,407,19000,True,
2026-02-07T01:41:35.696574+00:00,KXNCAAMBSPREAD-26FEB06BRADUNI-UNI18,UNI,18.0,3,53,47,97,50,28.0,50,50,50,50,True,
2026-02-07T01:41:36.162079+00:00,KXNCAAMBSPREAD-26FEB06BRADUNI-UNI3,UNI,3.0,44,61,39,56,17,52.5,3,350,350,3,True,
2026-02-07T01:41:36.580238+00:00,KXNCAAMBSPREAD-26FEB06BRADUNI-UNI6,UNI,6.0,31,44,56,69,13,37.5,1070,7,7,1070,True,
2026-02-07T01:41:36.964104+00:00,KXNCAAMBSPREAD-26FEB06BRADUNI-UNI9,UNI,9.0,19,41,59,81,22,30.0,1114,2,2,1114,True,
2026-02-07T01:42:56.674982+00:00,KXNCAAMBSPREAD-26FEB06BRADUNI-BRAD12,BRAD,12.0,2,7,93,98,5,4.5,106,106,106,106,True,
2026-02-07T01:42:57.281237+00:00,KXNCAAMBSPREAD-26FEB06BRADUNI-BRAD3,BRAD,3.0,10,43,57,90,33,26.5,16173,16125,16125,16173,True,
2026-02-07T01:42:57.791583+00:00,KXNCAAMBSPREAD-26FEB06BRADUNI-BRAD6,BRAD,6.0,14,30,70,86,16,22.0,56,94,94,56,True,
2026-02-07T01:42:58.228772+00:00,KXNCAAMBSPREAD-26FEB06BRADUNI-BRAD9,BRAD,9.0,3,10,90,97,7,6.5,156,106,106,156,True,
2026-02-07T01:42:58.771901+00:00,KXNCAAMBSPREAD-26FEB06BRADUNI-UNI12,UNI,12.0,8,32,68,92,24,20.0,18000,5,5,18000,True,
2026-02-07T01:42:59.428109+00:00,KXNCAAMBSPREAD-26FEB06BRADUNI-UNI15,UNI,15.0,4,35,65,96,31,19.5,1244,16251,16251,1244,True,
2026-02-07T01:43:00.053766+00:00,KXNCAAMBSPREAD-26FEB06BRADUNI-UNI18,UNI,18.0,3,53,47,97,50,28.0,50,50,50,50,True,
2026-02-07T01:43:00.437167+00:00,KXNCAAMBSPREAD-26FEB06BRADUNI-UNI3,UNI,3.0,36,60,40,64,24,48.0,3,106,106,3,True,
2026-02-07T01:43:00.833138+00:00,KXNCAAMBSPREAD-26FEB06BRADUNI-UNI6,UNI,6.0,10,62,38,90,52,36.0,18000,1261,1261,18000,True,
2026-02-07T01:43:01.258344+00:00,KXNCAAMBSPREAD-26FEB06BRADUNI-UNI9,UNI,9.0,12,41,59,88,29,26.5,1173,2,2,1173,True,
2026-02-07T01:44:17.855742+00:00,KXNCAAMBSPREAD-26FEB06BRADUNI-BRAD12,BRAD,12.0,2,7,93,98,5,4.5,106,106,106,106,True,
2026-02-07T01:44:18.643763+00:00,KXNCAAMBSPREAD-26FEB06BRADUNI-BRAD3,BRAD,3.0,9,25,75,91,16,17.0,1000,6,6,1000,True,
2026-02-07T01:44:19.273452+00:00,KXNCAAMBSPREAD-26FEB06BRADUNI-BRAD6,BRAD,6.0,13,34,66,87,21,23.5,95,69,69,95,True,
2026-02-07T01:44:19.741515+00:00,KXNCAAMBSPREAD-26FEB06BRADUNI-BRAD9,BRAD,9.0,3,10,90,97,7,6.5,145,106,106,145,True,
2026-02-07T01:44:20.243000+00:00,KXNCAAMBSPREAD-26FEB06BRADUNI-UNI12,UNI,12.0,5,32,68,95,27,18.5,1000,5,5,1000,True,
2026-02-07T01:44:20.826616+00:00,KXNCAAMBSPREAD-26FEB06BRADUNI-UNI15,UNI,15.0,3,31,69,97,28,17.0,50,1000,1000,50,True,
2026-02-07T01:44:21.256782+00:00,KXNCAAMBSPREAD-26FEB06BRADUNI-UNI18,UNI,18.0,3,24,76,97,21,13.5,50,1046,1046,50,True,
2026-02-07T01:44:21.696588+00:00,KXNCAAMBSPREAD-26FEB06BRADUNI-UNI3,UNI,3.0,41,60,40,59,19,50.5,3,1054,1054,3,True,
2026-02-07T01:44:22.116426+00:00,KXNCAAMBSPREAD-26FEB06BRADUNI-UNI6,UNI,6.0,22,58,42,78,36,40.0,16050,7,7,16050,True,
2026-02-07T01:44:22.617840+00:00,KXNCAAMBSPREAD-26FEB06BRADUNI-UNI9,UNI,9.0,11,41,59,89,30,26.0,1000,2,2,1000,True,
2026-02-07T01:45:39.872734+00:00,KXNCAAMBSPREAD-26FEB06BRADUNI-BRAD12,BRAD,12.0,2,7,93,98,5,4.5,106,106,106,106,True,
2026-02-07T01:45:40.288262+00:00,KXNCAAMBSPREAD-26FEB06BRADUNI-BRAD3,BRAD,3.0,9,43,57,91,34,26.0,1000,6,6,1000,True,
2026-02-07T01:45:40.669441+00:00,KXNCAAMBSPREAD-26FEB06BRADUNI-BRAD6,BRAD,6.0,12,37,63,88,25,24.5,121,69,69,121,True,
2026-02-07T01:45:41.338486+00:00,KXNCAAMBSPREAD-26FEB06BRADUNI-BRAD9,BRAD,9.0,3,10,90,97,7,6.5,145,106,106,145,True,
2026-02-07T01:45:41.724976+00:00,KXNCAAMBSPREAD-26FEB06BRADUNI-UNI12,UNI,12.0,5,32,68,95,27,18.5,1000,5,5,1000,True,
2026-02-07T01:45:42.143212+00:00,KXNCAAMBSPREAD-26FEB06BRADUNI-UNI15,UNI,15.0,3,31,69,97,28,17.0,50,1000,1000,50,True,
2026-02-07T01:45:42.632714+00:00,KXNCAAMBSPREAD-26FEB06BRADUNI-UNI18,UNI,18.0,3,28,72,97,25,15.5,50,1000,1000,50,True,
2026-02-07T01:45:43.213870+00:00,KXNCAAMBSPREAD-26FEB06BRADUNI-UNI3,UNI,3.0,41,61,39,59,20,51.0,3,350,350,3,True,
2026-02-07T01:45:43.797726+00:00,KXNCAAMBSPREAD-26FEB06BRADUNI-UNI6,UNI,6.0,21,62,38,79,41,41.5,1000,4,4,1000,True,
2026-02-07T01:45:44.262552+00:00,KXNCAAMBSPREAD-26FEB06BRADUNI-UNI9,UNI,9.0,11,41,59,89,30,26.0,1000,2,2,1000,True,
2026-02-07T01:47:01.449178+00:00,KXNCAAMBSPREAD-26FEB06BRADUNI-BRAD12,BRAD,12.0,2,7,93,98,5,4.5,106,106,106,106,True,
2026-02-07T01:47:02.198103+00:00,KXNCAAMBSPREAD-26FEB06BRADUNI-BRAD3,BRAD,3.0,3,45,55,97,42,24.0,50,6,6,50,True,
2026-02-07T01:47:02.743494+00:00,KXNCAAMBSPREAD-26FEB06BRADUNI-BRAD6,BRAD,6.0,12,79,21,88,67,45.5,121,83,83,121,True,
2026-02-07T01:47:03.230772+00:00,KXNCAAMBSPREAD-26FEB06BRADUNI-BRAD9,BRAD,9.0,3,38,62,97,35,20.5,50,6,6,50,True,
2026-02-07T01:47:03.660135+00:00,KXNCAAMBSPREAD-26FEB06BRADUNI-UNI12,UNI,12.0,3,32,68,97,29,17.5,50,5,5,50,True,
2026-02-07T01:47:04.075507+00:00,KXNCAAMBSPREAD-26FEB06BRADUNI-UNI15,UNI,15.0,3,54,46,97,51,28.5,50,600,600,50,True,
2026-02-07T01:47:04.547423+00:00,KXNCAAMBSPREAD-26FEB06BRADUNI-UNI18,UNI,18.0,3,52,48,97,49,27.5,50,600,600,50,True,
2026-02-07T01:47:04.993029+00:00,KXNCAAMBSPREAD-26FEB06BRADUNI-UNI3,UNI,3.0,42,61,39,58,19,51.5,3,350,350,3,True,
2026-02-07T01:47:05.541872+00:00,KXNCAAMBSPREAD-26FEB06BRADUNI-UNI6,UNI,6.0,3,60,40,97,57,31.5,50,4,4,50,True,
2026-02-07T01:47:05.936433+00:00,KXNCAAMBSPREAD-26FEB06BRADUNI-UNI9,UNI,9.0,3,41,59,97,38,22.0,50,2,2,50,True,
2026-02-07T01:48:23.328068+00:00,KXNCAAMBSPREAD-26FEB06BRADUNI-BRAD12,BRAD,12.0,2,7,93,98,5,4.5,106,106,106,106,True,
2026-02-07T01:48:24.039127+00:00,KXNCAAMBSPREAD-26FEB06BRADUNI-BRAD3,BRAD,3.0,5,40,60,95,35,22.5,1000,6,6,1000,True,
2026-02-07T01:48:24.733818+00:00,KXNCAAMBSPREAD-26FEB06BRADUNI-BRAD6,BRAD,6.0,12,31,69,88,19,21.5,121,1000,1000,121,True,
2026-02-07T01:48:25.164964+00:00,KXNCAAMBSPREAD-26FEB06BRADUNI-BRAD9,BRAD,9.0,3,28,72,97,25,15.5,50,1000,1000,50,True,
2026-02-07T01:48:25.573910+00:00,KXNCAAMBSPREAD-26FEB06BRADUNI-UNI12,UNI,12.0,9,32,68,91,23,20.5,1000,5,5,1000,True,
2026-02-07T01:48:26.018023+00:00,KXNCAAMBSPREAD-26FEB06BRADUNI-UNI15,UNI,15.0,4,38,62,96,34,21.0,1000,1000,1000,1000,True,
2026-02-07T01:48:26.441890+00:00,KXNCAAMBSPREAD-26FEB06BRADUNI-UNI18,UNI,18.0,3,53,47,97,50,28.0,50,50,50,50,True,
2026-02-07T01:48:26.899999+00:00,KXNCAAMBSPREAD-26FEB06BRADUNI-UNI3,UNI,3.0,41,61,39,59,20,51.0,3,335,335,3,True,
2026-02-07T01:48:27.495959+00:00,KXNCAAMBSPREAD-26FEB06BRADUNI-UNI6,UNI,6.0,25,62,38,75,37,43.5,1000,4,4,1000,True,
2026-02-07T01:48:28.026859+00:00,KXNCAAMBSPREAD-26FEB06BRADUNI-UNI9,UNI,9.0,13,41,59,87,28,27.0,1000,2,2,1000,True,
2026-02-07T01:49:47.052225+00:00,KXNCAAMBSPREAD-26FEB06BRADUNI-BRAD12,BRAD,12.0,2,53,47,98,51,27.5,114,30,30,114,True,
2026-02-07T01:49:47.632054+00:00,KXNCAAMBSPREAD-26FEB06BRADUNI-BRAD3,BRAD,3.0,9,43,57,91,34,26.0,1000,6,6,1000,True,
2026-02-07T01:49:48.247728+00:00,KXNCAAMBSPREAD-26FEB06BRADUNI-BRAD6,BRAD,6.0,13,32,68,87,19,22.5,38,1262,1262,38,True,
2026-02-07T01:49:48.910186+00:00,KXNCAAMBSPREAD-26FEB06BRADUNI-BRAD9,BRAD,9.0,3,28,72,97,25,15.5,164,16262,16262,164,True,
2026-02-07T01:49:49.451650+00:00,KXNCAAMBSPREAD-26FEB06BRADUNI-UNI12,UNI,12.0,5,32,68,95,27,18.5,1000,5,5,1000,True,
2026-02-07T01:49:49.906552+00:00,KXNCAAMBSPREAD-26FEB06BRADUNI-UNI15,UNI,15.0,3,29,71,97,26,16.0,50,345,345,50,True,
2026-02-07T01:49:50.355810+00:00,KXNCAAMBSPREAD-26FEB06BRADUNI-UNI18,UNI,18.0,3,25,75,97,22,14.0,50,1262,1262,50,True,
2026-02-07T01:49:50.748860+00:00,KXNCAAMBSPREAD-26FEB06BRADUNI-UNI3,UNI,3.0,41,60,40,59,19,50.5,3,114,114,3,True,
2026-02-07T01:49:51.154405+00:00,KXNCAAMBSPREAD-26FEB06BRADUNI-UNI6,UNI,6.0,22,51,49,78,29,36.5,16262,1266,1266,16262,True,
2026-02-07T01:49:51.589257+00:00,KXNCAAMBSPREAD-26FEB06BRADUNI-UNI9,UNI,9.0,11,41,59,89,30,26.0,1000,2,2,1000,True,
2026-02-07T01:51:09.094135+00:00,KXNCAAMBSPREAD-26FEB06BRADUNI-BRAD12,BRAD,12.0,1,53,47,99,52,27.0,279,30,30,279,True,
2026-02-07T01:51:09.561486+00:00,KXNCAAMBSPREAD-26FEB06BRADUNI-BRAD3,BRAD,3.0,5,35,65,95,30,20.0,1000,6,6,1000,True,
2026-02-07T01:51:09.970974+00:00,KXNCAAMBSPREAD-26FEB06BRADUNI-BRAD6,BRAD,6.0,3,29,71,97,26,16.0,19103,19,19,19103,True,
2026-02-07T01:51:10.799384+00:00,KXNCAAMBSPREAD-26FEB06BRADUNI-BRAD9,BRAD,9.0,3,27,73,97,24,15.0,50,16057,16057,50,True,
2026-02-07T01:51:11.435031+00:00,KXNCAAMBSPREAD-26FEB06BRADUNI-UNI12,UNI,12.0,7,31,69,93,24,19.0,200,200,200,200,True,
2026-02-07T01:51:12.276025+00:00,KXNCAAMBSPREAD-26FEB06BRADUNI-UNI15,UNI,15.0,3,37,63,97,34,20.0,1050,1000,1000,1050,True,
2026-02-07T01:51:13.078997+00:00,KXNCAAMBSPREAD-26FEB06BRADUNI-UNI18,UNI,18.0,3,23,77,97,20,13.0,50,1057,1057,50,True,
2026-02-07T01:51:13.542975+00:00,KXNCAAMBSPREAD-26FEB06BRADUNI-UNI3,UNI,3.0,59,61,39,41,2,60.0,200,200,200,200,True,
2026-02-07T01:51:14.030174+00:00,KXNCAAMBSPREAD-26FEB06BRADUNI-UNI6,UNI,6.0,38,55,45,62,17,46.5,1054,200,200,1054,True,
2026-02-07T01:51:14.574773+00:00,KXNCAAMBSPREAD-26FEB06BRADUNI-UNI9,UNI,9.0,18,40,60,82,22,29.0,1054,200,200,1054,True,
2026-02-07T01:52:31.060886+00:00,KXNCAAMBSPREAD-26FEB06BRADUNI-BRAD12,BRAD,12.0,2,7,93,98,5,4.5,91,96,96,91,True,
2026-02-07T01:52:31.453475+00:00,KXNCAAMBSPREAD-26FEB06BRADUNI-BRAD3,BRAD,3.0,3,16,84,97,13,9.5,1750,6,6,1750,True,
2026-02-07T01:52:31.851781+00:00,KXNCAAMBSPREAD-26FEB06BRADUNI-BRAD6,BRAD,6.0,3,11,89,97,8,7.0,50,96,96,50,True,
2026-02-07T01:52:32.277809+00:00,KXNCAAMBSPREAD-26FEB06BRADUNI-BRAD9,BRAD,9.0,3,9,91,97,6,6.0,50,96,96,50,True,
2026-02-07T01:52:32.659092+00:00,KXNCAAMBSPREAD-26FEB06BRADUNI-UNI12,UNI,12.0,25,32,68,75,7,28.5,96,5,5,96,True,
2026-02-07T01:52:33.066943+00:00,KXNCAAMBSPREAD-26FEB06BRADUNI-UNI15,UNI,15.0,13,26,74,87,13,19.5,700,700,700,700,True,
2026-02-07T01:52:33.571191+00:00,KXNCAAMBSPREAD-26FEB06BRADUNI-UNI18,UNI,18.0,5,19,81,95,14,12.0,700,700,700,700,True,
2026-02-07T01:52:34.007374+00:00,KXNCAAMBSPREAD-26FEB06BRADUNI-UNI3,UNI,3.0,64,65,35,36,1,64.5,700,11,11,700,True,
2026-02-07T01:52:34.457865+00:00,KXNCAAMBSPREAD-26FEB06BRADUNI-UNI6,UNI,6.0,51,59,41,49,8,55.0,789,100,100,789,True,
2026-02-07T01:52:34.867752+00:00,KXNCAAMBSPREAD-26FEB06BRADUNI-UNI9,UNI,9.0,37,41,59,63,4,39.0,700,2,2,700,True,
2026-02-07T01:53:53.113395+00:00,KXNCAAMBSPREAD-26FEB06BRADUNI-BRAD12,BRAD,12.0,2,7,93,98,5,4.5,91,96,96,91,True,
2026-02-07T01:53:53.505047+00:00,KXNCAAMBSPREAD-26FEB06BRADUNI-BRAD3,BRAD,3.0,3,37,63,97,34,20.0,1050,1000,1000,1050,True,
2026-02-07T01:53:53.924713+00:00,KXNCAAMBSPREAD-26FEB06BRADUNI-BRAD6,BRAD,6.0,3,27,73,97,24,15.0,50,16099,16099,50,True,
2026-02-07T01:53:54.443593+00:00,KXNCAAMBSPREAD-26FEB06BRADUNI-BRAD9,BRAD,9.0,3,25,75,97,22,14.0,50,16080,16080,50,True,
2026-02-07T01:53:54.837204+00:00,KXNCAAMBSPREAD-26FEB06BRADUNI-UNI12,UNI,12.0,20,30,70,80,10,25.0,1063,96,96,1063,True,
2026-02-07T01:53:55.268976+00:00,KXNCAAMBSPREAD-26FEB06BRADUNI-UNI15,UNI,15.0,8,41,59,92,33,24.5,600,1000,1000,600,True,
2026-02-07T01:53:55.715672+00:00,KXNCAAMBSPREAD-26FEB06BRADUNI-UNI18,UNI,18.0,3,31,69,97,28,17.0,50,1000,1000,50,True,
2026-02-07T01:53:56.128367+00:00,KXNCAAMBSPREAD-26FEB06BRADUNI-UNI3,UNI,3.0,61,67,33,39,6,64.0,10,19,19,10,True,
2026-02-07T01:53:56.556136+00:00,KXNCAAMBSPREAD-26FEB06BRADUNI-UNI6,UNI,6.0,40,68,32,60,28,54.0,1063,4,4,1063,True,
2026-02-07T01:53:56.958467+00:00,KXNCAAMBSPREAD-26FEB06BRADUNI-UNI9,UNI,9.0,34,41,59,66,7,37.5,99,2,2,99,True,
2026-02-07T01:55:13.512433+00:00,KXNCAAMBSPREAD-26FEB06BRADUNI-BRAD12,BRAD,12.0,2,7,93,98,5,4.5,83,83,83,83,True,
2026-02-07T01:55:13.946118+00:00,KXNCAAMBSPREAD-26FEB06BRADUNI-BRAD3,BRAD,3.0,3,16,84,97,13,9.5,750,6,6,750,True,
2026-02-07T01:55:14.493756+00:00,KXNCAAMBSPREAD-26FEB06BRADUNI-BRAD6,BRAD,6.0,3,10,90,97,7,6.5,50,102,102,50,True,
2026-02-07T01:55:15.052650+00:00,KXNCAAMBSPREAD-26FEB06BRADUNI-BRAD9,BRAD,9.0,3,7,93,97,4,5.0,50,92,92,50,True,
2026-02-07T01:55:15.454648+00:00,KXNCAAMBSPREAD-26FEB06BRADUNI-UNI12,UNI,12.0,18,31,69,82,13,24.5,700,700,700,700,True,
2026-02-07T01:55:15.864994+00:00,KXNCAAMBSPREAD-26FEB06BRADUNI-UNI15,UNI,15.0,7,21,79,93,14,14.0,700,700,700,700,True,
2026-02-07T01:55:16.240603+00:00,KXNCAAMBSPREAD-26FEB06BRADUNI-UNI18,UNI,18.0,3,14,86,97,11,8.5,50,700,700,50,True,
2026-02-07T01:55:16.666431+00:00,KXNCAAMBSPREAD-26FEB06BRADUNI-UNI3,UNI,3.0,63,67,33,37,4,65.0,783,19,19,783,True,
2026-02-07T01:55:17.043948+00:00,KXNCAAMBSPREAD-26FEB06BRADUNI-UNI6,UNI,6.0,49,57,43,51,8,53.0,100,100,100,100,True,
2026-02-07T01:55:17.435727+00:00,KXNCAAMBSPREAD-26FEB06BRADUNI-UNI9,UNI,9.0,34,41,59,66,7,37.5,83,2,2,83,True,
2026-02-07T01:56:36.849335+00:00,KXNCAAMBSPREAD-26FEB06BRADUNI-BRAD12,BRAD,12.0,2,7,93,98,5,4.5,83,83,83,83,True,
2026-02-07T01:56:37.802639+00:00,KXNCAAMBSPREAD-26FEB06BRADUNI-BRAD3,BRAD,3.0,3,16,84,97,13,9.5,750,6,6,750,True,
2026-02-07T01:56:38.216949+00:00,KXNCAAMBSPREAD-26FEB06BRADUNI-BRAD6,BRAD,6.0,3,10,90,97,7,6.5,50,102,102,50,True,
2026-02-07T01:56:38.637040+00:00,KXNCAAMBSPREAD-26FEB06BRADUNI-BRAD9,BRAD,9.0,3,7,93,97,4,5.0,50,92,92,50,True,
2026-02-07T01:56:39.057490+00:00,KXNCAAMBSPREAD-26FEB06BRADUNI-UNI12,UNI,12.0,18,31,69,82,13,24.5,700,700,700,700,True,
2026-02-07T01:56:39.631207+00:00,KXNCAAMBSPREAD-26FEB06BRADUNI-UNI15,UNI,15.0,7,21,79,93,14,14.0,700,700,700,700,True,
2026-02-07T01:56:40.193180+00:00,KXNCAAMBSPREAD-26FEB06BRADUNI-UNI18,UNI,18.0,3,14,86,97,11,8.5,50,700,700,50,True,
2026-02-07T01:56:40.708373+00:00,KXNCAAMBSPREAD-26FEB06BRADUNI-UNI3,UNI,3.0,65,73,27,35,8,69.0,11,90,90,11,True,
2026-02-07T01:56:41.173328+00:00,KXNCAAMBSPREAD-26FEB06BRADUNI-UNI6,UNI,6.0,49,57,43,51,8,53.0,100,100,100,100,True,
2026-02-07T01:56:41.607862+00:00,KXNCAAMBSPREAD-26FEB06BRADUNI-UNI9,UNI,9.0,34,41,59,66,7,37.5,83,2,2,83,True,
